nirvana,organic,food,products,mukteshwar,uttarakhand,rediscover,taste,nutrition,natural,organic,products,pristine,himalayas,cultivated,organic,farms,mukteshwar,https,t.co,yc6vyiedor,nirvanaorganic,organicfood,organicstore,organicfoodonline,
nirvana,organic,store,mukteshwar,mr.aditya,amar,shares,nirvana,organic,products,sold,ocs,foundation,supports,local,farmers,https,t.co,mzqjevmy0u,nirvanaorganicstore,mukteshwar,uttarakhand,organicfood,healthyfood,
nirvana,organic,food,products,mukteshwar,uttarakhand,rediscover,taste,nutrition,natural,organic,products,pristine,himalayas,cultivated,organic,farms,mukteshwar,https,t.co,yc6vyiedor,nirvanaorganic,organicfood,organicstore,organicfoodonline,
nirvana,organic,kitchen,mukteshwar,experience,rich,natural,flavors,delicious,mouth,watering,food,famous,https,t.co,yqu5skm9fs,nirvanaorganickitchen,mukteshwar,uttarakhand,organicfood,healthyfood,
one,consciousness,society,ocs,foundation,ngo,mukteshwar,uttarakhand,works,improve,living,standards,local,organic,farming,community,women,farmers,particular,https,t.co,fvtpxjxhdb,ocs,ocsfoundation,mukteshwar,uttarakhand,organicfood,ngo,
sweet,amp,sour,gift,pack,nirvana,organic,store,shop,organic,food,products,gift,combo,online,https,t.co,imllvufsfe,giftpack,festivalgifts,organicfood,gifts,nirvanaorganic,goodfood,goodlife,
one,consciousness,society,ocs,foundation,ngo,mukteshwar,uttarakhand,works,improve,living,standards,local,organic,farming,community,women,farmers,particular,https,t.co,fvtpxjpj1l,ocs,ocsfoundation,mukteshwar,uttarakhand,organicfood,ngo,
nirvana,organic,kitchen,mukteshwar,experience,rich,natural,flavors,delicious,mouth,watering,food,famous,https,t.co,yqu5skuyok,nirvanaorganickitchen,mukteshwar,uttarakhand,organicfood,healthyfood,
nirvana,organic,store,mukteshwar,mr.aditya,amar,shares,nirvana,organic,products,sold,ocs,foundation,supports,local,farmers,https,t.co,mzqjevux8w,nirvanaorganicstore,mukteshwar,uttarakhand,organicfood,healthyfood,
nirvana,organic,food,products,mukteshwar,uttarakhand,rediscover,taste,nutrition,natural,organic,products,pristine,himalayas,cultivated,organic,farms,mukteshwar,https,t.co,yc6vyhwcwt,nirvanaorganic,organicfood,organicstore,organicfoodonline,
stay,healthy,gift,pack,nirvana,organic,store,shop,organic,food,products,gift,combo,online,https,t.co,djvjifckph,giftpack,festivalgifts,organicfood,gifts,nirvanaorganic,goodfood,goodlife,
shop,organic,food,uttarakhand,organic,food,store,online,nirvana,organic,https,t.co,yczn9vyjoq,organicfood,nirvanaorganic,himalayas,india,mukteshwar,uttarakhand,
sweet,amp,sour,gift,pack,nirvana,organic,store,shop,organic,food,products,gift,combo,online,https,t.co,imllvtyhng,giftpack,festivalgifts,organicfood,gifts,nirvanaorganic,goodfood,goodlife,
immunity,booster,gift,pack,nirvana,organic,store,shop,organic,food,products,gift,combo,online,https,t.co,qkcvxhmtdx,giftpack,festivalgifts,organicfood,gifts,nirvanaorganic,goodfood,goodlife,
sweet,amp,sour,gift,pack,nirvana,organic,store,shop,organic,food,products,gift,combo,online,https,t.co,imllvufsfe,giftpack,festivalgifts,organicfood,gifts,nirvanaorganic,goodfood,goodlife,
shop,organic,food,uttarakhand,online,nirvana,organic,store,https,t.co,yczn9vyjoq,organicfood,nirvanaorganic,himalayas,india,mukteshwar,uttarakhand,
nirvana,organic,store,mukteshwar,mr.aditya,amar,shares,nirvana,organic,products,sold,ocs,foundation,supports,local,farmers,https,t.co,mzqjevmy0u,nirvanaorganicstore,mukteshwar,uttarakhand,organicfood,healthyfood,
nirvana,organic,kitchen,mukteshwar,experience,rich,natural,flavors,delicious,mouth,watering,food,famous,https,t.co,yqu5skm9fs,nirvanaorganickitchen,mukteshwar,uttarakhand,organicfood,healthyfood,
shop,organic,food,uttarakhand,organic,food,store,online,nirvana,organic,https,t.co,yczn9vyjoq,organicfood,nirvanaorganic,himalayas,india,mukteshwar,uttarakhand,
nirvana,organic,store,mukteshwar,mr.aditya,amar,shares,nirvana,organic,products,sold,ocs,foundation,supports,local,farmers,https,t.co,mzqjevmy0u,nirvanaorganicstore,mukteshwar,uttarakhand,organicfood,healthyfood,
immunity,booster,gift,pack,nirvana,organic,store,shop,organic,food,products,gift,combo,online,https,t.co,qkcvxhmtdx,giftpack,festivalgifts,organicfood,gifts,nirvanaorganic,goodfood,goodlife,
one,consciousness,society,ocs,foundation,ngo,mukteshwar,uttarakhand,works,improve,living,standards,local,organic,farming,community,women,farmers,particular,https,t.co,fvtpxjxhdb,ocs,ocsfoundation,mukteshwar,uttarakhand,organicfood,ngo,
nirvana,organic,food,products,mukteshwar,uttarakhand,rediscover,taste,nutrition,natural,organic,products,pristine,himalayas,cultivated,organic,farms,mukteshwar,https,t.co,yc6vyiedor,nirvanaorganic,organicfood,organicstore,organicfoodonline,
nirvana,organic,kitchen,mukteshwar,experience,rich,natural,flavors,delicious,mouth,watering,food,famous,https,t.co,yqu5skm9fs,nirvanaorganickitchen,mukteshwar,uttarakhand,organicfood,healthyfood,
nirvana,organic,kitchen,mukteshwar,experience,rich,natural,flavors,delicious,mouth,watering,food,famous,https,t.co,yqu5skm9fs,nirvanaorganickitchen,mukteshwar,uttarakhand,organicfood,healthyfood,
nirvana,organic,food,products,mukteshwar,uttarakhand,rediscover,taste,nutrition,natural,organic,products,pristine,himalayas,cultivated,organic,farms,mukteshwar,https,t.co,yc6vyiedor,nirvanaorganic,organicfood,organicstore,organicfoodonline,
nirvana,organic,store,mukteshwar,mr.aditya,amar,shares,nirvana,organic,products,sold,ocs,foundation,supports,local,farmers,https,t.co,mzqjevmy0u,nirvanaorganicstore,mukteshwar,uttarakhand,organicfood,healthyfood,
nirvana,organic,kitchen,mukteshwar,experience,rich,natural,flavors,delicious,mouth,watering,food,famous,https,t.co,yqu5skm9fs,nirvanaorganickitchen,mukteshwar,uttarakhand,organicfood,healthyfood,
shop,organic,food,uttarakhand,organic,food,store,online,nirvana,organic,https,t.co,yczn9wgld0,organicfood,nirvanaorganic,himalayas,india,mukteshwar,uttarakhand,
nirvana,organic,food,products,mukteshwar,uttarakhand,rediscover,taste,nutrition,natural,organic,products,pristine,himalayas,cultivated,organic,farms,mukteshwar,https,t.co,yc6vyiedor,nirvanaorganic,organicfood,organicstore,organicfoodonline,
nirvana,organic,store,mukteshwar,mr.aditya,amar,shares,nirvana,organic,products,sold,ocs,foundation,supports,local,farmers,https,t.co,mzqjevmy0u,nirvanaorganicstore,mukteshwar,uttarakhand,organicfood,healthyfood,
stay,healthy,gift,pack,nirvana,organic,store,shop,organic,food,products,gift,combo,online,https,t.co,djvjifulhf,giftpack,festivalgifts,organicfood,gifts,nirvanaorganic,goodfood,goodlife,
shop,organic,food,uttarakhand,online,nirvana,organic,store,https,t.co,yczn9vyjoq,organicfood,nirvanaorganic,himalayas,india,mukteshwar,uttarakhand,
immunity,booster,gift,pack,nirvana,organic,store,shop,organic,food,products,gift,combo,online,https,t.co,qkcvxhusmp,giftpack,festivalgifts,organicfood,gifts,nirvanaorganic,goodfood,goodlife,
stay,healthy,gift,pack,nirvana,organic,store,shop,organic,food,products,gift,combo,online,https,t.co,djvjifulhf,giftpack,festivalgifts,organicfood,gifts,nirvanaorganic,goodfood,goodlife,
lotus,leaf,organic,traditional,amp,organic,dining,telugu,inti,gari,poori,made,wheat,served,along,potato,curry,sambar,poori,breakfast,healthyfood,organic,organicfood,coldpressedoil,lotusleaf,india,https,t.co,k9e08ylbqe,
flexing,colorful,farm,harvest,planted,micpascual,varied,harvest,since,started,farm,two,years,ago,plantains,eggplants,wild,chili,papaya,organicfarming,organicfood,https,t.co,qvmuwqzl5a,
going,green,really,mean,develop,lifestyle,solution,healthy,diet,habit,learn,habits,promote,going,green,https,t.co,gyrxxnbkco,gogreen,goinggreen,sustainability,recycling,limitchemicals,organicfood,veganism,https,t.co,ib7yj7ow0c,
welcome,exclusive,organic,food,organic,food,court,bhoomi,organics,quality,taste,health,organic,oorganicfoodcourt,icct20worldcup2021,bhoomiorganics,vijayawadafood,foodie,andhrapradesh,organicfood,food,covid2019,diwali,event,fitness,india,https,t.co,msdkhriakp,
delicious,gari,four,varieties,chutneys,lotus,leaf,organic,dining,breakfast,session,telugu,inti,gari,gari,breakfast,tiffin,food,organic,organicfood,oorganicfoodcourt,vijayawada,foodie,andhrapradesh,healthcare,ecofriendly,icct20worldcup2021,https,t.co,bpm8yupp0d,
organic,food,court,breakfast,delicious,andhrapradesh,organic,organicproducts,healthy,lunch,snacks,dinner,organicfood,nutrition,authentic,https,t.co,kvty5oghyb,
celebrate,india,vs,pakistani,match,good,food,great,ambience,hospitality,cheer,4,men,blue,icct20worldcup2021,india,t20worldcup21,worldfoodday,organicfood,healthy,vijayawada,lunch,diwali2021,ecofriendly,foodie,https,t.co,4lxekdb2mo,
lotus,leaf,organic,traditional,amp,organic,dining,telugu,inti,gari,poori,made,wheat,served,along,potato,curry,sambar,poori,breakfast,healthyfood,organic,organicfood,coldpressedoil,lotusleaf,india,https,t.co,k9e08ylbqe,
city,turin,created,160,gardens,dedicated,urbanfarming,amazing,right,ortigenerali,aims,promote,organicfood,production,recycling,practices,awareness,environmental,sustainability,amp,healthy,diets,social,exchange,cohesion,foode,https,t.co,rpckke4sp3,
going,green,really,mean,develop,lifestyle,solution,healthy,diet,habit,learn,habits,promote,going,green,https,t.co,gyrxxnbkco,gogreen,goinggreen,sustainability,recycling,limitchemicals,organicfood,veganism,https,t.co,ib7yj7ow0c,
city,turin,created,160,gardens,dedicated,urbanfarming,amazing,right,ortigenerali,aims,promote,organicfood,production,recycling,practices,awareness,environmental,sustainability,amp,healthy,diets,social,exchange,cohesion,foode,https,t.co,rpckke4sp3,
going,green,really,mean,develop,lifestyle,solution,healthy,diet,habit,learn,habits,promote,going,green,https,t.co,gyrxxnbkco,gogreen,goinggreen,sustainability,recycling,limitchemicals,organicfood,veganism,https,t.co,ib7yj7ow0c,
new,protein,guidelines,offer,many,tips,help,protein,choices,help,weight,control,https,t.co,qeiehnimkq,protein,eggs,nuts,seeds,fish,proteinguidelines,nutrition,dinner,salmon,organicfood,organicprotein,organicmeats,organiceggs,food,https,t.co,wcro9kfmv3,
vegetable,guidelines,changed,fill,plate,half,full,vegetables,fruits,daily,need,ideas,help,https,t.co,ixkuowzfyh,vegetableguidelines,vegetables,fruit,produce,healthyfood,organicfood,frozenvegetables,seasonalvegetables,https,t.co,luokplyybl,
new,dairy,guidelines,show,important,health,benefits,eating,drinking,dairy,find,tips,make,sure,include,enough,dairy,https,t.co,fyam0qmurl,dairy,dairyguidelines,nutrition,organicfood,organicdairy,organicmilk,https,t.co,ahj816eugr,
going,green,really,mean,develop,lifestyle,solution,healthy,diet,habit,learn,habits,promote,going,green,https,t.co,gyrxxnbkco,gogreen,goinggreen,sustainability,recycling,limitchemicals,organicfood,veganism,https,t.co,ib7yj7ow0c,
free,webinar,nutritional,benefits,organic,foods,rsvp,https,t.co,zbez2wxn2r,hosted,australian,organic,limited,guest,speakers,unimelb,webinar,organicfood,organicliving,organiclifestyle,organicfarming,organicbusiness,chooseorganic,unimelb,https,t.co,viexf5cz6h,
mandarins,oronules,huge,amount,juice,spectacular,shine,penetrating,aroma,choosegospa,oranges,organic,citruslove,organicfarming,agrumes,bio,gospaoranges,stnicolaoranges,riverford,preserving,citrus,gospacitrus,organicfood,vegan,veganfood,lavieclaire,https,t.co,8mhoa6paot,
good,morning,everyone,lights,guide,home,choosegospa,follow,us,gospacitrus,oranges,organic,marmalade,organicfarming,agrumes,bio,gospaoranges,stnicolaoranges,sainsburys,riverford,gospacitrus,theorangegrove,organicfood,climatechange,https,t.co,q3ygngbrnm,
full,article,https,t.co,ndairqu2ao,sustainability,organicfood,finefood,specialityfood,retailers,https,t.co,etog8g5jr9,
new,protein,guidelines,offer,many,tips,help,protein,choices,help,weight,control,https,t.co,qeiehnimkq,protein,eggs,nuts,seeds,fish,proteinguidelines,nutrition,dinner,salmon,organicfood,organicprotein,organicmeats,organiceggs,food,https,t.co,wcro9kfmv3,
organic,popcorn,one,best,snacks,can,eat,100,whole,grain,low,fat,high,fibre,discover,incredible,health,benefits,organic,popcorn,edenfoods,organicfood,https,t.co,vhtuyetszp,
families,eat,healthy,together,live,longer,together,contact,us,healthy,meals,family,gatherings,office,parties,showers,luncheons,dinners,0704955499,bookings,family,healthy,chicken,organicfood,https,t.co,gluox9gffw,
get,load,loaded,burrito,y'all,dine,carryout,just,time,lunch,el,paso,piedmontcafe,elpaso,elpasotexas,organicfood,vegetarian,vegan,veganfriendly,plantbased,brunchvibes,supportlocal,itsallgoodep,madefromscratch,allnatural,https,t.co,xr32vjzgkq,
welcome,exclusive,organic,food,organic,food,court,bhoomi,organics,quality,taste,health,organic,oorganicfoodcourt,icct20worldcup2021,bhoomiorganics,vijayawadafood,foodie,andhrapradesh,organicfood,food,covid2019,diwali,event,fitness,india,https,t.co,msdkhriakp,
finally,put,sign,rain,clouds,part,sun,shine,serve,community,1490,fisher,road,cobble,hill,mon,fri,9am,5,pm,love,see,organicfair,cobblehill,cowichanvalley,vancouverisland,organicfood,organicchocolate,https,t.co,uomxti9rkg,
alice,waters,sustainability,sounds,good,need,regenerative,farming,regenerativeagriculture,regenerate,biodynamic,organicfood,organicselevated,regenerativeleadership,white,leaf,provisions,inc,ron,finley,chez,panisse,https,t.co,p7ohowafw7,
organicfood,soil,dry,corn,green,plant,yield,fantastic,farming,https,t.co,qiftcxnduj,
nothing,brings,people,together,like,good,food,organicfood,inspiration,https,t.co,d13uqmdnmw,
packing,organicfood,plastic,go,along,lets,use,common,ropes,made,natural,fibres,like,hemp,linen,cotton,coir,etc,pay,extra,knowing,nomoreplastic,polluting,ecosistem,organicfood,hard,grow,gogreen,bevegan,https,t.co,iscb7sgacs,
thejackbly,6,eggs,mushroom,olives,omelette,added,2,green,chillies,well,bit,fire,vitamin,c,boost,tastes,great,high,protein,filling,hearts,content,follow,healthy,recipes,guiltfreefood,eatclean,organicfood,youarewhatyoueat,karachi,https,t.co,3ryqzxeqom,
vegetable,guidelines,changed,fill,plate,half,full,vegetables,fruits,daily,need,ideas,help,https,t.co,ixkuowzfyh,vegetableguidelines,vegetables,fruit,produce,healthyfood,organicfood,frozenvegetables,seasonalvegetables,https,t.co,luokplyybl,
https,t.co,gkzlokd1xu,happy,world,pasta,day,shopifystore,vegan,healthylifestyle,organicfood,https,t.co,7ko4zv7aby,
brcgs,certified,amp,also,certified,organic,food,manufacturing,facility,build,organic,brand,food,products,get,touch,us,plant,pavl.co.in,foodprocessing,contractmanufacturing,organicfood,https,t.co,g7av3iyags,
8,reasons,organic,products,demand,7,opt,safe,food,healthy,lifestyle,people,prefer,organic,food,compared,products,choosegospa,oranges,organicfarming,stnicolaoranges,riverford,gospacitrus,organicfood,mandarins,lavieclaire,https,t.co,yzuyyxrdax,
need,ideas,dinner,flavorful,short,ribs,bone,try,braised,perfectly,moist,tender,centerpiece,melt,mouth,https,t.co,tlfkzc9xew,prospermeats,cookingwithprospermeats,grassfedbeef,organicfood,https,t.co,cndn30ulaj,
grow,organic,help,nature,kalpacasa,farmhouse,nature,organicfood,healthyfood,बटुवा,https,t.co,7goopaxzhs,
order,week,end,menu,cuis'in,organic,plant,based,meals,servings,4,order,w,10,6,8p,del,f,10,8,btw,4,amp,6p,https,t.co,92ru9zbzkt,646,468,6159,nyc,organic,veganoptions,plantbasedoptions,weeklymenu,orderfordelivery,organicfood,preparedfamilymeals,https,t.co,jono4svf2x,
saskorganics,abundance,box,back,https,t.co,jqohmqrqtm,organic,organicfood,organicfarming,shoplocal,eatlocal,westcdnag,saskorganics,abundancebox,abundance,https,t.co,jdbwuotoyb,
global,farro,market,size,valued,178.9,million,2020,projected,reach,513.8,million,2030,cagr,10.1,2020,2030,pdf,https,t.co,m92tyknjnl,wheatflour,organicfood,healthyfood,foodanddrink,foodandbeverages,foodbusiness,marketresearch,https,t.co,ldh1f3ignb,
organic,food,actually,sustainable,https,t.co,akx50qe2qh,via,gngagritech,agriculture,consilienceconsiders,environmental,farming,gngagritech,greenstories,grtgreengetgrowing,organic,organicagriculture,organicfood,sustainability,sustainable,
ecotone,uk's,whitepaper,food,biodiversity,hosted,thegrocer,uk,ceo,emma,vass,calls,food,industry,act,now,late,foodforbiodiversity,sustainability,organicfood,https,t.co,f2hfpc7rig,
wild,organicfarming,eathealthy,healthfirst,organicfood,pune,https,t.co,zyrjr3rxrk,
new,eu,farm,fork,strategy,make,food,healthier,sustainable,food,health,organicfood,eu,farmtofork,food,eureporter,https,t.co,twfzafeolp,
veganism,us,grown,500,since,2014,demand,nutritionally,balanced,delicious,vegetarian,vegan,fare,huge,sure,start,contact,us,https,t.co,r2cohy79c6,veganism,food,organicfood,supportlocal,vegetarianchef,vegetariandishes,https,t.co,ocnvmsb2u9,
organicfood,may,interested,webinar,https,t.co,str4ceqjcq,
navelina,oranges,heavy,look,like,coconuts,excellent,weather,water,conditions,lead,best,oranges,world,best,seville,choosegospa,oranges,organic,stnicolaoranges,riverford,gospacitrus,organicfood,vegan,veganfood,citruslove,https,t.co,lr29twwh9s,
absolutely,fresh,mandarins,many,households,france,best,seville,organic,product,made,love,choosegospa,oranges,organic,agrumes,bio,gospaoranges,stnicolaoranges,confiture,riverford,citrus,gospacitrus,organicfood,vegan,veganfood,lavieclaire,https,t.co,k1cecevsff,
it’s,season’s,finale,gala,granny,smith,apples,opposite,ends,sweet,tart,apple,chart,gardenersworld,apple,gardening,organicfood,https,t.co,a9uxwur8v9,
delicious,gari,four,varieties,chutneys,lotus,leaf,organic,dining,breakfast,session,telugu,inti,gari,gari,breakfast,tiffin,food,organic,organicfood,oorganicfoodcourt,vijayawada,foodie,andhrapradesh,healthcare,ecofriendly,icct20worldcup2021,https,t.co,bpm8yupp0d,
organic,foods,proteins,fiber,foods,make,body,strong,organicfood,contain,pesticides,chemicals,etc,orgakawach,foods,one,best,organic,store,pune,provides,best,organic,products,india,visit,https,t.co,swbhg72vh2,https,t.co,7fccqh3x9z,
explained,pesticide,free,food,products,can,part,good,health,outlookposhan,lohit,mohan,health,organicfood,click,read,https,t.co,8azxnsbdmn,
flexing,colorful,farm,harvest,planted,micpascual,varied,harvest,since,started,farm,two,years,ago,plantains,eggplants,wild,chili,papaya,organicfarming,organicfood,https,t.co,qvmuwqzl5a,
flexing,colorful,farm,harvest,planted,micpascual,varied,harvest,since,started,farm,two,years,ago,plantains,eggplants,wild,chili,papaya,organicfarming,organicfood,https,t.co,qvmuwqzl5a,
flexing,colorful,farm,harvest,planted,micpascual,varied,harvest,since,started,farm,two,years,ago,plantains,eggplants,wild,chili,papaya,organicfarming,organicfood,https,t.co,qvmuwqzl5a,
produce,clearly,marked,organic,know,numbers,organic,produce,stickers,start,9,conventional,produce,number,starts,4,just,remember,9,fine,4,s,bore,organicfood,https,t.co,t02zzo2y6e,
negative,effects,chemicalfertilizers,human,health,https,t.co,af0z4tuymi,health,organicfood,organicfarming,healthyfood,
new,protein,guidelines,offer,many,tips,help,protein,choices,help,weight,control,https,t.co,qeiehnimkq,protein,eggs,nuts,seeds,fish,proteinguidelines,nutrition,dinner,salmon,organicfood,organicprotein,organicmeats,organiceggs,food,https,t.co,wcro9kfmv3,
eat,dessert,first,organicfoods,organicfood,https,t.co,nu17qpjxu1,
hidden,dangers,chemical,fertilizers,environmental,protection,https,t.co,fpwlzp97ev,saynotochemicalfertilizers,organicfarming,organicfood,organic,sustainable,actonclimate,climatechange,climateaction,climatecrisis,climateactionnow,pesticides,healthylifestyle,
negative,effects,chemicalfertilizers,human,health,https,t.co,af0z4tuymi,health,organicfood,organicfarming,healthyfood,
organicfarming,benefits,environment,read,article,rt,spread,sustainableliving,https,t.co,2jzm1cnnfz,sustainabledevelopment,organicfood,climatechange,
negative,effects,chemicalfertilizers,human,health,https,t.co,af0z4tuymi,health,organicfood,organicfarming,healthyfood,
saskorganics,abundance,box,back,https,t.co,jqohmqrqtm,organic,organicfood,organicfarming,shoplocal,eatlocal,westcdnag,saskorganics,abundancebox,abundance,https,t.co,jdbwuotoyb,
contribute,strategic,direction,saskorganics,membership,survey,https,t.co,rynlqm5pte,saskorganics,organic,organicfarming,organicfood,saskatchewan,https,t.co,6p5oecrhfn,
know,nearly,70,percent,non,organic,fresh,produce,sold,u.s,contains,residues,potentially,harmful,chemical,pesticides,organicfood,check,ewg's,shoppers,guide,pesticide,produce,https,t.co,wjmzlt3au8,download,app,https,t.co,efzbjxhlsa,
love,ribeye,needed,added,fat,form,smoked,mangalica,slab,right,fat,protein,ratio,mangalicapork,pkd,animalbaseddiet,needsbaseddiet,wholefood,localfood,organicfood,grassfedbeef,biosuisse,switzerland,schweizerfleisch,https,t.co,mhq51qrunb,
pulled,beef,made,organic,fatty,beef,lard,bone,broth,root,vegetables,pkd,meal,people,healthy,can,tolerate,small,amount,vegetables,paleolithicketogenicdiet,realfood,organicfood,organicbeef,biosuisse,fattymeat,https,t.co,in46ih1ybi,
wednesdaymeals,packed,ready,go,check,creations,next,week,saturday,order,favorites,healthycomfortfood,instachef,instafood,instafoodie,madeindc,modernmediterranean,savornaturalfresh,madefromscratch,organicfood,localfood,eattherainbow,https,t.co,x42mj647re,
shamba,2022,calendar,now,available,online,shop,curious,know,fruits,veggies,grow,farm,get,now,https,t.co,xxfx45mgcu,organicfood,organicfarm,tanzania,https,t.co,y7mktdmw44,
fantastic,news,farm,first,successful,organictomatoes,harvest,completed,overall,half,ton,chemicalfree,tomatoes,important,source,vitamin,c,feed,children,home,students,statanzania,karibu,organicfood,https,t.co,gcctkmxp86,
wild,organicfarming,eathealthy,healthfirst,organicfood,pune,https,t.co,zyrjr3rxrk,
organic,foods,proteins,fiber,foods,make,body,strong,organicfood,contain,pesticides,chemicals,etc,orgakawach,foods,one,best,organic,store,pune,provides,best,organic,products,india,visit,https,t.co,swbhg72vh2,https,t.co,7fccqh3x9z,
organicfood,really,better,answer,question,simple,yes,switched,organic,yet,natural,healthy,healthyfood,health,healthylifestyle,nature,vegetables,fresh,nutrition,festiveseason,festivals,diwali,environment,pune,https,t.co,h3vphuyphm,
necessary,good,food,good,spice,got,one,wide,range,organic,spices,healthier,living,ecofresh,foodproducts,grains,pulses,organicfood,fresh,organic,organicbrands,pune,organicghee,organicproducts,ecofreshpune,https,t.co,kpasiib3o9,
saladrecipe,credits,things,healthy,organic,salad,healthysalad,healthysalads,healthysaladrecipes,glutenfreesalads,superfoodmeals,saladideas,saladrecipes,eatyourvegetables,saladbowl,healthy,healthyfood,healthylifestyle,food,organicfood,veggies,https,t.co,4u4rko3tkj,
organicfood,really,better,answer,question,simple,yes,switched,organic,yet,natural,healthy,healthyfood,health,healthylifestyle,nature,vegetables,fresh,nutrition,festiveseason,festivals,diwali,environment,pune,https,t.co,h3vphuyphm,
wild,organicfarming,eathealthy,healthfirst,organicfood,pune,https,t.co,zyrjr3rxrk,
today's,haul,chillis,peppers,tomatoes,watercress,chives,kale,broccoli,cauliflower,butter,beans,organicfarming,organicgardening,organicfood,organic,smallholding,selfsufficient,amithefarmer,https,t.co,a4pvdmht0g,
make,moscowmule,shivalik's,yummy,gingersquash,shivaliks,closesttonature,orchard,homemade,secretrecipe,himachal,orchardfruits,madewithlove,familyorchard,naturederived,healthyfood,natural,organicfarming,organicfood,plum,plumsquash,https,t.co,vwm4sczizk,
light,diwali,freshest,apple,juice,shivaliks,shivaliks,closesttonature,orchard,homemade,secretrecipe,himachal,orchardfruits,madewithlove,familyorchard,naturederived,healthyfood,natural,organicfarming,organicfood,plum,plumsquash,https,t.co,6ikax6rrog,
case,study,read,french,bio,organic,store,group,implemented,combination,caem,m25,custom,options,create,perfect,shopping,environment,customers,https,t.co,lcrcmflbuu,organicfood,healthandfitness,retailinnovation,retailexperience,https,t.co,9o2eg8yxzb,
case,study,read,french,bio,organic,store,group,implemented,combination,caem,m25,custom,options,create,perfect,shopping,environment,customers,https,t.co,lcrcmflbuu,organicfood,healthandfitness,retailinnovation,retailexperience,https,t.co,xwdadhx1ve,
now,become,distributor,natturano,products,amp,earn,like,never,hiring,low,investment,risk,free,high,margin,91,9390660314,https,t.co,oqftcou8gf,coconutoil,coconut,marketing,fmcg,distributor,edibleoil,peanutoil,organicfood,https,t.co,gb7btfwas0,
global,farro,market,size,valued,178.9,million,2020,projected,reach,513.8,million,2030,cagr,10.1,2020,2030,pdf,https,t.co,m92tyknjnl,wheatflour,organicfood,healthyfood,foodanddrink,foodandbeverages,foodbusiness,marketresearch,https,t.co,ldh1f3ignb,
now,become,distributor,natturano,products,amp,earn,like,never,hiring,low,investment,risk,free,high,margin,91,9390660314,https,t.co,oqftcou8gf,coconutoil,coconut,marketing,fmcg,distributor,edibleoil,peanutoil,organicfood,https,t.co,gb7btfwas0,
want,grow,veggies,urgrow,solution,grow,fresh,sustainable,organic,food,indoors,city,apartment,learn,german,https,t.co,wclvikeld0,urgrow,urbangardening,organicfood,urbanfarming,resourcesaving,
want,grow,veggies,urgrow,solution,grow,fresh,sustainable,organic,food,indoors,city,apartment,learn,german,https,t.co,wclvikeld0,urgrow,urbangardening,organicfood,urbanfarming,resourcesaving,
owdc,eliminates,virus,attacks,https,t.co,lcjwz2gua7,organicfarming,organic,organicfood,farming,agriculture,sustainablefarming,urbanfarming,healthylifestyle,growyourown,garden,vegan,farmer,food,vegetables,permaculture,organicvegetables,himgirigreenherbal,https,t.co,ethfww4ff1,
city,turin,created,160,gardens,dedicated,urbanfarming,amazing,right,ortigenerali,aims,promote,organicfood,production,recycling,practices,awareness,environmental,sustainability,amp,healthy,diets,social,exchange,cohesion,foode,https,t.co,rpckke4sp3,
potential,exponential,https,t.co,tugzcjthtz,https,t.co,ehvghl1enw,https,t.co,usk7uiyhar,organicfood,farming,organicgardening,agriculture,farmlife,organicfarm,farm,farmtotable,urbanfarming,growyourownfood,healthyfood,nature,gardening,growyourown,
benefits,organic,farming,organicfarming,org,organicfood,farming,agriculture,farmtotable,growyourownfood,sustainablefarming,urbanfarming,garden,vegan,permaculture,organicvegetables,natural,knowyourfarmer,regenerativeagriculture,farmers,himgirigreenherbal,https,t.co,wf9b6vbfr6,
city,turin,created,160,gardens,dedicated,urbanfarming,amazing,right,ortigenerali,aims,promote,organicfood,production,recycling,practices,awareness,environmental,sustainability,amp,healthy,diets,social,exchange,cohesion,foode,https,t.co,rpckke4sp3,
city,turin,created,160,gardens,dedicated,urbanfarming,amazing,right,ortigenerali,aims,promote,organicfood,production,recycling,practices,awareness,environmental,sustainability,amp,healthy,diets,social,exchange,cohesion,foode,https,t.co,rpckke4sp3,
mandarins,oronules,huge,amount,juice,spectacular,shine,penetrating,aroma,choosegospa,oranges,organic,citruslove,organicfarming,agrumes,bio,gospaoranges,stnicolaoranges,riverford,preserving,citrus,gospacitrus,organicfood,vegan,veganfood,lavieclaire,https,t.co,8mhoa6paot,
8,reasons,organic,products,demand,3,high,nutritional,levels,organic,food,healthier,fresher,consume,compared,conventional,food,choosegospa,oranges,organic,citruslove,organicfarming,agrumes,bio,riverford,gospacitrus,organicfood,https,t.co,y7zbvjrpvk,
navelina,oranges,heavy,look,like,coconuts,excellent,weather,water,conditions,lead,best,oranges,world,best,seville,choosegospa,oranges,organic,stnicolaoranges,riverford,gospacitrus,organicfood,vegan,veganfood,citruslove,https,t.co,lr29twwh9s,
8,reasons,organic,products,demand,7,opt,safe,food,healthy,lifestyle,people,prefer,organic,food,compared,products,choosegospa,oranges,organicfarming,stnicolaoranges,riverford,gospacitrus,organicfood,mandarins,lavieclaire,https,t.co,yzuyyxrdax,
oranges,paradise,best,seville,choosegospa,oranges,organic,citruslove,organicfarming,agrumes,bio,gospaoranges,stnicolaoranges,riverford,citrus,marmelade,gospacitrus,organicfood,lavieclaire,vegan,veganfood,danmark,denmark,https,t.co,5gixvp41xi,
cleaned,graded,navelina,oranges,already,beautiful,always,send,best,seville,choosegospa,organic,organicfarming,agrumes,gospaoranges,orangefacts,stnicolaoranges,gospacitrus,organicfood,lavieclaire,vegan,veganfood,https,t.co,s1szyyukwd,
navelina,oranges,heavy,look,like,coconuts,excellent,weather,water,conditions,lead,best,oranges,world,best,seville,choosegospa,oranges,organic,stnicolaoranges,riverford,gospacitrus,organicfood,vegan,veganfood,citruslove,https,t.co,lr29twwh9s,
mandarins,oronules,huge,amount,juice,spectacular,shine,penetrating,aroma,choosegospa,oranges,organic,citruslove,organicfarming,agrumes,bio,gospaoranges,stnicolaoranges,riverford,preserving,citrus,gospacitrus,organicfood,vegan,veganfood,lavieclaire,https,t.co,8mhoa6paot,
orange,conventional,organic,amount,chemicals,kill,kind,animals,snail,high,imazalil,pyrimethanil,thiabendazole,wax,e904,e914,say,chemicals,choosegospa,oranges,stnicolaoranges,riverford,gospacitrus,organicfood,https,t.co,jglaksrhug,
absolutely,fresh,mandarins,many,households,france,best,seville,organic,product,made,love,choosegospa,oranges,organic,agrumes,bio,gospaoranges,stnicolaoranges,confiture,riverford,citrus,gospacitrus,organicfood,vegan,veganfood,lavieclaire,https,t.co,k1cecevsff,
want,grow,veggies,urgrow,solution,grow,fresh,sustainable,organic,food,indoors,city,apartment,learn,german,https,t.co,wclvikeld0,urgrow,urbangardening,organicfood,urbanfarming,resourcesaving,
mustard,sarson,oil,health,benefits,https,t.co,o58rdun5l4,mustardoilbenefits,sarsonkatelfayade,goorganic,cleaneating,healthylifestyle,healthlovers,organicfood,https,t.co,iyzj2ublwc,
better,present,gifting,something,showcases,wise,conscious,thought,towards,taking,care,health,wellness,diwali,gift,loved,ones,dose,wellness,organic,silver,gift,package,organic,organicfood,diwalihampers,diwali,https,t.co,l5tk8p9t7e,
make,conscious,organic,choice,celebrate,lifelong,togetherness,switch,organic,white,brown,sugar,add,authentic,sweetness,celebration,organic,organicproducts,organicfood,organicfoodproducts,organicsugar,organicbrownsugar,brownsugar,whitesugar,https,t.co,nnvx6k1f67,
diwali,make,thought,count,send,thoughtful,gift,wellness,loved,ones,organic,silver,package,organic,organicfood,diwaligifts,diwali2021,https,t.co,4eidarx7al,
choose,planet,organic,get,wide,range,organic,food,products,pick,organic,organicfood,organicproducts,organicfarming,karwachauth,planetorganicindia,https,t.co,bpzd5abvoq,
benefits,ginkgo,biloba,supplements,13,tested,natural,remedies,gt,https,t.co,1xij5vxoa7,retweet,please,healthyliving,supplements,organicfood,https,t.co,llaj5hma0w,
benefits,ginkgo,biloba,supplements,13,tested,natural,remedies,gt,https,t.co,1xij5vxoa7,retweet,please,healthyliving,supplements,organicfood,https,t.co,lh1w28eysp,
benefits,ginkgo,biloba,supplements,13,tested,natural,remedies,gt,https,t.co,1xij5vxoa7,retweet,please,healthyliving,supplements,organicfood,https,t.co,p7veufh3ge,
benefits,ginkgo,biloba,supplements,13,tested,natural,remedies,gt,https,t.co,1xij5vxoa7,retweet,please,healthyliving,supplements,organicfood,https,t.co,cuvcswo3o1,
celebrate,diwali,20,staples,ready,eat,products,pristine,organics,pay,online,get,offer,buy,now,https,t.co,cbkm93eyoa,diwalioffer,pristineorganics,organicfood,staples,readytoeat,goodfood,https,t.co,8nlgtlm2cy,
https,t.co,pcdhxltzfu,organic,store,please,like,share,n,subscribe,rythu,rajyam,youtube,channel,pesticidefreefoodproducts,organicfood,
take,costly,treatment,corporate,hospitals,pay,lacs,fees,corporate,schools,take,healthy,food,children,healthy,food,products,contact,rythu,rajyam,naturals,91,90305,95899,chemicalfreefood,organicfood,pesticidefreefood,
rekindle,love,health,every,bite,take,organic,poha,organicpoha,poha,organic,organicart,organicfood,healthy,breakfast,bestbreakfastoption,https,t.co,14bqsldhir,
benefits,organic,food,kids,health,speaks,kids,organicfood,organicart,growth,kidsgrowth,study,organicfoodnadkids,goodfood,https,t.co,hkr7pchxte,
get,enough,goodness,amla,tablets,merlion,amla,tablets,goodness,healthy,organicfood,organicart,healthyspices,pure,madefromnature,https,t.co,xboijy6qip,
benefits,organic,food,kids,health,speaks,kids,organicfood,organicart,growth,kidsgrowth,study,organicfoodnadkids,goodfood,https,t.co,yaavlzgg5x,
time,tingle,taste,buds,pickle,organicpickle,organicpickle,organicart,organicfood,goodforheart,healthy,tangy,lovefortastebuds,https,t.co,la5yhbdtgj,
value,handcrafted,products,sustainablebrands,organic,organicfood,sustainablefashion,traditionalgames,homemdesweets,healthyfood,wellness,handcrafted,handmade,curatedbrands,ethicalfashion,sustainableliving,ecofood,ecofashion,ecofriendly,supportlocal,ecof,https,t.co,ylzy5vaces,
buy,pure,health,festive,sustainablebrands,organic,organicfood,sustainablefashion,traditionalgames,homemdesweets,healthyfood,wellness,handcrafted,handmade,curatedbrands,ethicalfashion,sustainableliving,ecofood,ecofashion,ecofriendly,supportlocal,ecofrien,https,t.co,5pb85mlv1x,
empathy,business,beautiful,sustainablebrands,organic,organicfood,sustainablefashion,traditionalgames,homemdesweets,healthyfood,wellness,handcrafted,handmade,curatedbrands,ethicalfashion,sustainableliving,ecofood,ecofashion,ecofriendly,support,https,t.co,jgpejjxvvj,
buy,pure,health,festive,sustainablebrands,organic,organicfood,sustainablefashion,traditionalgames,homemdesweets,healthyfood,wellness,handcrafted,handmade,curatedbrands,ethicalfashion,sustainableliving,ecofood,ecofashion,ecofriendly,supportlocal,ecofrien,https,t.co,5pb85mlv1x,
value,handcrafted,products,sustainablebrands,organic,organicfood,sustainablefashion,traditionalgames,homemdesweets,healthyfood,wellness,handcrafted,handmade,curatedbrands,ethicalfashion,sustainableliving,ecofood,ecofashion,ecofriendly,supportlocal,ecof,https,t.co,ylzy5vaces,
sale,items,sf,mart,mccabe_organic,seasonsfmart,seasonfoodmart,organiccertified,organicfood,organicrice,organicbean,organicflour,organictea,sfmart,koreangrocery,koreanfoodonline,koreanramen,koreasnack,onlinekoreanstore,koreanfood,https,t.co,dy0bzvvczg,
sale,items,sf,mart,mccabe_organic,seasonsfmart,seasonfoodmart,organiccertified,organicfood,organicrice,organicbean,organicflour,organictea,sfmart,koreangrocery,koreanfoodonline,koreanramen,koreasnack,onlinekoreanstore,koreanfood,https,t.co,wlqewv3dc5,
it’s,season’s,finale,gala,granny,smith,apples,opposite,ends,sweet,tart,apple,chart,gardenersworld,apple,gardening,organicfood,https,t.co,a9uxwur8v9,
know,nearly,70,percent,non,organic,fresh,produce,sold,u.s,contains,residues,potentially,harmful,chemical,pesticides,organicfood,check,ewg's,shoppers,guide,pesticide,produce,https,t.co,wjmzlt3au8,download,app,https,t.co,efzbjxhlsa,
veg,box,week,https,t.co,gxax1ipcvf,organicveg,organicfood,organicvegbox,https,t.co,tsscg7lh6a,
time,order,week's,veg,box,https,t.co,ijoe2vknsc,halloweenpumpkins,organicsquash,organicfood,https,t.co,juje6ngw0x,
just,look,boxes,autumn,deliciousness,https,t.co,yirsgal1jr,organicveg,localveg,organicfood,https,t.co,byjcbqpr8v,
tick,tock,veg,box,o'clock,https,t.co,kihuza7kpw,organicveg,organicfood,vegboxes,https,t.co,ap43vxpkdr,
know,nearly,70,percent,non,organic,fresh,produce,sold,u.s,contains,residues,potentially,harmful,chemical,pesticides,organicfood,check,ewg's,shoppers,guide,pesticide,produce,https,t.co,wjmzlt3au8,download,app,https,t.co,efzbjxhlsa,
shop,nuts,drive,away,autumn,chills,shop,now,https,t.co,fpkoxzk5lh,almonds,almondbenefits,hunza,organic,organicfood,eatorganic,healtyfood,fruits,hunzafood,hunzadryfruits,gshunzadryfruits,gilgitbaltistandryfruits,biohunza,eathealthy,healthylife,https,t.co,i79fr2wrzg,
tuttofood,year,welcomed,500,guests,booth,prepared,100,recipes,showcased,retail,food,service,lines,including,cheese,charcuterie,eatwellwithbuononaturale,tuttofood2021,organicfood,italianspecialties,textureanyday,https,t.co,syc5jefo5l,
cibus,trade,show,parma,look,forward,welcoming,booth,a43,hall,14,tuttofood,milan,oct,22,oct,26,eatwellwithbuononaturale,thechefscorner,madeinitaly,foodtradeshow,cibusparma,tuttofood,organicfood,italianfood,https,t.co,tcu3al2q4l,
food,poisoned,chemical,fertilizers,pesticides,amp,gmo's,whole,organicfood,key,good,health,healthconscious,organic,naturalhealth,diet,nongmo,vegetarian,glutenfree,buylocal,urbanfarming,backyardgarden,organicliving,agriculture,vegetables,https,t.co,9decdbevbs,
visiting,biofach,looking,forward,herbs,organic,exporter,supplier,contact,us,919998832466,biofach,organicfarming,organicindia,organicfood,organicpromotion,spices,delhi,noida,exhibition,apeda,spiceboard,export,herbs,farmer,https,t.co,dydxnzxw1o,
organic,popcorn,one,best,snacks,can,eat,100,whole,grain,low,fat,high,fibre,discover,incredible,health,benefits,organic,popcorn,edenfoods,organicfood,https,t.co,vhtuyetszp,
know,buckwheat,glutenfree,it’s,also,excellent,source,fibre,complete,plant,protein,discover,add,buckwheat,family’s,favourite,dishes,pancakes,stir,fry,article,edenfoods,organicfood,https,t.co,xi1ubyfu44,
wild,rice,grain,indigenous,north,america,earthy,glutenfree,grain,perfect,fall,meals,learn,surprising,health,benefits,ways,add,weekly,menu,edenfoods,organicfood,https,t.co,xi1ubyfu44,
contribute,strategic,direction,saskorganics,membership,survey,https,t.co,rynlqm5pte,saskorganics,organic,organicfarming,organicfood,saskatchewan,https,t.co,6p5oecrhfn,
saskorganics,abundance,box,back,https,t.co,jqohmqrqtm,organic,organicfood,organicfarming,shoplocal,eatlocal,westcdnag,saskorganics,abundancebox,abundance,https,t.co,jdbwuotoyb,
pesticide,use,causes,lot,problems,health,environment,take,look,three,easy,ways,quickly,easily,reduce,pesticide,consumption,healthyeating,organicfood,https,t.co,w2dbwvwuxl,https,t.co,0yyxybofoj,
fastfact,using,organic,fertilizer,herbs,per,month,can,help,grow,fullest,potential,https,t.co,bipx1mrrkp,thesavvyspade,herbs,herbgarden,herbgrowing,naturalhealth,naturalwellness,organicfood,plantbased,growyourownfood,https,t.co,p6yubr4tcv,
funfact,basil,along,oregano,sage,thyme,members,mint,family,also,known,labiatae,thesavvyspade,herbs,herbgarden,herbgrowing,naturalhealth,naturalwellness,healthandwellness,organicfood,plantbased,growyourownfood,basil,https,t.co,qnrmx8om54,
fill,blank,favorite,thing,fall,____________________,thesavvyspade,herbs,herbgarden,herbgrowing,naturalhealth,naturalwellness,healthandwellness,organicfood,plantbased,growyourownfood,https,t.co,1djrh0qzux,
two,day,organic,exhibition,organized,joint,aegis,swadeshi,jagran,manch,bharatiya,kisan,sangh,held,23,october,mahavir,complex,jodhpur,organicfarming,organicfood,organicfarmer,success,rapidorganic,indianfarmer,sanchore,https,t.co,u5o75ya1uc,
red,blood,cells,also,helps,maintain,healthy,skin,organic,organicnepaliproduct,tihar,healthyfood,organicfood,jimbu,jimbuorganic,dolpajimbu,yarsagumba,
isn’t,true,autumn,day,perfect,time,gingerbread,latte,toasted,salami_bagel,waynescoffee,waynescoffeejo,gingerbreadlatte,hotdrinks,pumpkinspice,latte,healthysalads,healthysnacks,organicfood,https,t.co,ckoeibeu6a,
s,delicious,spices,cinnamon,ginger,pumpkin_spice_latte,perfect,autumnal,companion,come,try,waynescoffee,waynescoffeejo,gingerbreadlatte,hotdrinks,pumpkinspice,latte,healthysalads,healthysnacks,organicfood,https,t.co,qo3z6pybln,
fresh,toasted,tuna_ciabatta,sandwich,prepared,passion,yummy,mix,cheese,tuna,lettuce,lemon,waynescoffee,waynescoffeejo,gingerbreadlatte,hotdrinks,pumpkinspice,latte,healthysalads,healthysnacks,organicfood,https,t.co,apkl8indhm,
need,hot,pumpkin,spice,latte,thick,whipped_cream,topping,waynescoffee,waynescoffeejo,gingerbreadlatte,hotdrinks,pumpkinspice,latte,healthysalads,healthysnacks,organicfood,https,t.co,b65m5tbc0h,
autumn,joyful,sweet,yummy,pumpkin_spice_latte,waynescoffee,waynescoffeejo,gingerbreadlatte,hotdrinks,pumpkinspice,latte,healthysalads,healthysnacks,organicfood,https,t.co,vzpluwsrzv,
two,day,organic,exhibition,organized,joint,aegis,swadeshi,jagran,manch,bharatiya,kisan,sangh,held,23,october,mahavir,complex,jodhpur,organicfarming,organicfood,organicfarmer,success,rapidorganic,indianfarmer,sanchore,https,t.co,u5o75ya1uc,
10,celebrate,halloween,1st,november,available,every,box,start,now,onlinestore,https,t.co,kyz2oldi11,thailand,thaifood,organicfood,organic,healthyfood,snacks,sweets,spices,spicy,apero,aperitif,https,t.co,wws0s9i36k,
find,eco,conscious,destinations,across,country,got,covered,defining,natural,features,mivida,investinrealestate,securedfuture,ecofriendly,property,ecosustainabalecity,trees,greenery,organicfood,betterhealth,healthyair,future,https,t.co,uwscunloyt,
congratulate,one,best,ranking,yet,undefeated,pro,boxer,pakistan,mivida,investinrealestate,securedfuture,ecofriendly,property,ecosustainabalecity,trees,greenery,organicfood,betterhealth,healthyair,sustainabalecity,investinpakistan,future,https,t.co,piou8xsnvc,
master,plan,per,international,standards,environment,100,eco,smart,join,mivida,mivida,investinrealestate,securedfuture,ecofriendly,property,ecosustainabalecity,greenery,organicfood,betterhealth,healthyair,sustainabalecity,investinpakistan,future,https,t.co,rnfb3lg1lt,
mivida,pakistan's,residential,plots,open,booking,offering,5.5,marla,2,kanal,plots,3.5,years,easy,installments,mivida,investinrealestate,securedfuture,ecofriendly,property,ecosustainabalecity,trees,greenery,organicfood,betterhealth,healthyair,future,https,t.co,6bdesjjl8g,
grab,organic,groundnuts,india,meet,health,requirements,enquire,now,https,t.co,m4gvp5w7cl,groundnuts,groundnutexporter,peanuts,peanutsexporter,groundnut,agriculture,organic,organicfood,food,healthy,india,cooking,healthyfood,indianfood,https,t.co,ykpyn2me3i,
buy,red,chillies,uniform,shape,size,adds,pungency,colour,food,enquire,now,https,t.co,9ijacl3g2x,dryredchilli,redchilli,indianspices,chilli,dryredchillisuppliers,dryredchilliexporters,spices,organic,organicfood,food,farming,agriculture,https,t.co,eimfip49rm,
buy,red,chillies,uniform,shape,size,adds,pungency,colour,food,enquire,now,https,t.co,9ijacl3g2x,dryredchilli,redchilli,indianspices,chilli,dryredchillisuppliers,dryredchilliexporters,spices,organic,organicfood,food,farming,agriculture,https,t.co,fjytedxn4k,
spice,exporters,india,enhancing,export,volume,https,t.co,uqnfesla5x,spiceexporterfromindia,spices,spiceexporter,indianspices,indianspicesexporter,spicessupplier,organicfood,organicproducts,organicfarming,food,healthyfood,indianfood,cooking,https,t.co,anj2qdanpl,
necessary,good,food,good,spice,got,one,wide,range,organic,spices,healthier,living,ecofresh,foodproducts,grains,pulses,organicfood,fresh,organic,organicbrands,pune,organicghee,organicproducts,ecofreshpune,https,t.co,kpasiib3o9,
choosing,organic,products,beneficial,planet,individual,health,prefer,organic,let,us,know,comments,ecofresh,foodproducts,grains,pulses,organicfood,fresh,organic,organicbrand,pune,organicghee,organicproducts,ecofreshpune,organicindia,https,t.co,1yw9uoyu0h,
families,eat,healthy,together,live,longer,together,contact,us,healthy,meals,family,gatherings,office,parties,showers,luncheons,dinners,0704955499,bookings,family,healthy,chicken,organicfood,https,t.co,gluox9gffw,
manager,huang,zhenan,introduces,best,made,tang,farm,unique,organic,farm,edge,beijing,caters,china's,growing,market,organic,produce,organicfood,baimingtangfarm,organicfarm,bon,chinesefood,https,t.co,uecoassol9,
join,us,biggest,trade,fair,organic,industry,invite,part,biofachindia,28,30th,october,india,expo,mart,register,today,business,organic,exhibition,trade,organicfarming,organicfood,organicdrink,foodprocessing,ieml,https,t.co,iffd41vpyy,
explained,pesticide,free,food,products,can,part,good,health,outlookposhan,lohit,mohan,health,organicfood,click,read,https,t.co,8azxnsbdmn,
chakra,phool,star,anise,order,now,https,t.co,llpph4it8i,order,call,us,gurugram,9312960690,rest,india,9897522225,chakraphool,staranise,sale,gurugram,restofindia,healthcare,organicfood,organic,organicproducts,assavorganics,food,spices,helthyfood,https,t.co,7ms0wohipq,
every,woke,sheela,aunty,south,delhi,south,bombay,needs,hear,slurrpoverheardkitchen,ears,foodie,chat,dm,us,funny,kitchen,moments,overheard,cooking,quotes,food,cooking,indianfood,homecooking,organicfood,farmtofork,localproduce,https,t.co,fhwxbnujvj,
know,mere,cup,masoor,dal,230,calories,15,grams,dietary,fibre,17,grams,proteins,shop,now,https,t.co,tg09emxncj,organicfood,organicfoodie,organicfoodhouse,organicfoodindia,organicfoodforthepeople,naturelandorganics,https,t.co,prq63atwfq,
one,interesting,thing,correct,answer,gets,color,abundance,antioxidants,named,anthocyanin,share,answers,comments,organicfood,naturelandorganics,eathealthy,livehealthy,farmtofork,healthymeals,organicfoodonline,https,t.co,wozeztzpxr,
contestalert,here’s,chance,win,gift,hamper,worth,rs,5,000,answering,series,questions,correctly,every,day,next,five,days,head,facebook,instagram,page,know,details,naturelandorganics,organicfood,https,t.co,c0fjjn8lfu,
natureland,organics,desi,cow,ghee,properties,one,result,butyric,acid,content,hint,visit,link,https,t.co,focvooqffc,know,answer,yehdiwalisehatwali,naturelandorganics,organicfood,festiveseason,diwali,https,t.co,7ukwff4t8r,
yummy,taste,abundance,one,vitamins,makes,great,choice,breakfast,hint,know,answer,visit,link,https,t.co,tnwzinm4gf,yehdiwalisehatwali,naturelandorganics,organicfood,festiveseason,diwali,https,t.co,0xni95ko5o,
spreading,one,breakfast,bread,can,make,bread,yummy,skin,soft,glowing,hint,visit,link,know,answer,https,t.co,4o72fbab3d,yehdiwalisehatwali,naturelandorganics,organicfood,festiveseason,diwali,https,t.co,bwrjsogebr,
know,one,three,benefits,hint,visit,link,know,answer,https,t.co,taw28owkw7,yehdiwalisehatwali,naturelandorganics,organicfood,festiveseason,diwali,https,t.co,qxx29kxxv7,
diet,amp,health,kids,eat,organic,food,score,higher,cognitive,tests,study,finds,eg,one,week,organicfood,showing,70,reduction,glyphosate,body,2021,https,t.co,w51utigbdh,children,nutrition,organic,toxic,pesticides,
tasty,thunder,mushroom,direct,jungle,photo,credit,lahantic,forestfood,nutrition,healthyfood,organicfood,grta_project,https,t.co,snhjb6gwuj,
kagome,foods,india,supports,international,year,food,vegetables,2021,fao,eathealthy,eatinghabits,didyouknow,quickfact,eatyourveggies,heath,farmtotable,nutrition,food,organicfood,kagome,tomatoes,freshtomatoes,fao,india,takeaction,https,t.co,luyilybdbc,
new,protein,guidelines,offer,many,tips,help,protein,choices,help,weight,control,https,t.co,qeiehnimkq,protein,eggs,nuts,seeds,fish,proteinguidelines,nutrition,dinner,salmon,organicfood,organicprotein,organicmeats,organiceggs,food,https,t.co,wcro9kfmv3,
diet,amp,health,kids,eat,organic,food,score,higher,cognitive,tests,study,finds,eg,one,week,organicfood,showing,70,reduction,glyphosate,body,2021,https,t.co,w51utigbdh,children,nutrition,organic,toxic,pesticides,
organic,farm,forcibly,sprayed,roundup,https,t.co,c6gjqhdhoi,atwa,organicfood,
first,pumkin,pie,year,pie,homemade,organicfood,pumpkinpie,notketofriendly,wishicouldeatit,mcmeen,smoke,house,https,t.co,lm71doo49p,
get,load,loaded,burrito,y'all,dine,carryout,just,time,lunch,el,paso,piedmontcafe,elpaso,elpasotexas,organicfood,vegetarian,vegan,veganfriendly,plantbased,brunchvibes,supportlocal,itsallgoodep,madefromscratch,allnatural,https,t.co,xr32vjzgkq,
fan,bicycle,bowl,order,us,just,time,lunch,open,11,piedmontcafe,elpaso,elpasotexas,organicfood,vegetarian,vegan,veganfriendly,plantbased,brunchvibes,supportlocal,itsallgoodep,madefromscratch,allnatural,https,t.co,d4gsvu5qup,
https,t.co,gkzlokd1xu,happy,world,pasta,day,shopifystore,vegan,healthylifestyle,organicfood,https,t.co,7ko4zv7aby,
joined,twitter,talk,organicfarming,organicfood,need,stick,program,4,amazing,companies,business,opportunity,arises,johnnyseeds,territorialseed,highmowingseeds,organicvalley,
snack,champions,goraw,healthysnacks,healthyfats,protein,health,food,organicfood,eatyourpumpkin,snacktime,https,t.co,rngbmduypo,
pertikoindia,lovers,organicfood,follower,people,love,petrikoindia,https,t.co,k6vvewwcde,
3,reasons,go,organic,health,https,t.co,wrs08kbqvp,organic,organicfood,https,t.co,r8kpzxmdio,
choose,organic,https,t.co,xnq1juidwk,organicfood,healthyliving,organic,ecofriendly,healthyeating,https,t.co,aliw0bl73x,
monday's,menu,roasted,black,bean,salad,elote,salad,butternut,squash,soup,hummus,snack,pack,garden,salad,roasted,beets,southern,fried,cabbage,buffalo,tofu,wrap,broccoli,salad,buffalo,tofu,wrap,kabocha,curry,dip,independenthealthfoodstore,organicfood,organicdeli,https,t.co,purnlme38t,
families,eat,healthy,together,live,longer,together,contact,us,healthy,meals,family,gatherings,office,parties,showers,luncheons,dinners,0704955499,bookings,family,healthy,chicken,organicfood,https,t.co,gluox9gffw,
city,turin,created,160,gardens,dedicated,urbanfarming,amazing,right,ortigenerali,aims,promote,organicfood,production,recycling,practices,awareness,environmental,sustainability,amp,healthy,diets,social,exchange,cohesion,foode,https,t.co,rpckke4sp3,
pertikoindia,lovers,organicfood,follower,people,love,petrikoindia,https,t.co,k6vvewwcde,
animal,agriculture,industry,major,driver,global,human,caused,greenhouse,gas,emissions,animalrights,weanimals,sustainability,organicfood,banfactoryfarming,friendnotfood,https,t.co,lnruq6nddl,
looking,fresh,thyme,organicfood,https,t.co,oup3qupbwq,
cafe,thar,presents,pure,organic,wild,foods,pakistan,organic,organicfood,organichoney,organicandwild,organicandwildhoney,wildhoney,honeybenefits,honeybee,desihoney,honeyproducts,cafethar,piyaroshivani,organicfoodproducts,desifoods,https,t.co,j60dranrsg,
eat,clean,knows,putting,processed,food,days,health,wealth,organicfood,https,t.co,dbffsqnhss,
see,biofach,india,experience,wide,range,product,farm,palm,https,t.co,mx0me8vi7l,biofach21,biofachindia,ftborganic,organicproducts,organicfood,trade,fair,fairtradeproducts,fairtrade,brands,expo,https,t.co,84tgbcpi8r,
just,look,boxes,autumn,deliciousness,https,t.co,yirsgal1jr,organicveg,localveg,organicfood,https,t.co,byjcbqpr8v,
leek,amp,potato,soup,lunches,week,locally,sourced,organic,possible,crohnscookingandme,crohnsdisease,crohnsawareness,shoplocal,organicfood,glutenfree,appetiteforangus,appetiteforangus,https,t.co,hcjh9gi0wl,
pertikoindia,lovers,organicfood,follower,people,love,petrikoindia,https,t.co,k6vvewwcde,
found,use,extra,long,parsnips,parsnip,apple,soup,bloody,delish,vegan,plantbased,homegrown,organicfood,organic,vegetables,veggies,veggiegarden,https,t.co,yizajlakv5,
bush,beans,tire,16,days,schoolgarden,agriculture,farming,learning,education,organicfood,sowing,seed,direct,soil,bushbeans,garden,https,t.co,rxatrxwart,
bush,beans,tire,16,days,schoolgarden,agriculture,farming,learning,education,organicfood,sowing,seed,direct,soil,bushbeans,garden,https,t.co,rxatrxwart,
corn,maize,tire,16,days,schoolgarden,agriculture,farming,learning,education,organicfood,sowing,seed,direct,soil,corn,maize,garden,https,t.co,iidkfdm6xa,
win,organic,food,hamper,follow,retweet,comment,like,want,one,click,link,get,now,https,t.co,ppciyjptlp,updates,today,https,t.co,1appl2jiv9,freebies,freestuff,freesamples,competitions,organicfood,hamper,food,https,t.co,cwrx4e4u51,
just,like,seasons,kitchen,forest,row,open,new,era,begun,serving,breakfasts,11.30,lunches,12pm,3pm,teas,coffee,cakes,day,5pm,wait,see,theseasonskitchen,organicfood,organiccafe,https,t.co,qjhr3ea0vs,
https,t.co,j3fided2iu,huge,brand,potential,2495,33,deposit,11,months,interest,free,organic,food,amp,beverage,market,size,worth,320.5,billion,2025,https,t.co,i5ysdpkjth,organic,organicfood,organicfarming,entrepreneur,investor,startup,marketing,food,https,t.co,9ly8axryba,
https,t.co,fwy0o0flun,huge,brand,potential,2495,33,deposit,11,months,interest,free,organicproduce,com,sold,25,000,https,t.co,j3fided2iu,also,available,organic,organicfood,organicfarming,entrepreneur,investor,startup,marketing,food,advertising,https,t.co,rdw3jymxg8,
please,watch,amp,help,people,save,communitygarden,just,sign,petition,amp,tell,replace,established,garden,lawn,community,organicfood,boston,usa,https,t.co,fg1tkdlrpq,https,t.co,dujnruboqi,
relais,monaci,delle,terre,nere,https,t.co,hpiru2fsha,lifestylehotels,monacidelleterrenere,sicily,boutiquehotel,estate,nature,peaceful,relais,vision,etna,countryside,luxury,fromfarmtotable,organicfood,sustainability,slowliving,seaview,elegant,https,t.co,v2smkcdk5j,
deliver,worldwide,registered,first,history,fonio,webinar,waiting,use,link,access,registration,form,https,t.co,4pgssgzuay,otifonio,fonio,glutenfree,organic,organicfood,organicproduct,otifoniowebinar,webinaralert,
ad,abel,amp,cole,discount,code,50,new,customer,1st,4th,boxes,enter,vegbox50,https,t.co,vcfl5ywkst,healthy,promocode,organicfood,healthyeating,health,
city,turin,created,160,gardens,dedicated,urbanfarming,amazing,right,ortigenerali,aims,promote,organicfood,production,recycling,practices,awareness,environmental,sustainability,amp,healthy,diets,social,exchange,cohesion,foode,https,t.co,rpckke4sp3,
lovely,raw,forest,flowers,honey,pointy,head,cider,gers,amp,templars,raw,pure,cider,vinegar,normandy,neither,main,products,reflective,biodiversity,standards,occitanie,health,beauty,organicfood,https,t.co,rxjpuhsdrv,https,t.co,16ayzxm2sy,
oats,among,healthiest,grains,earth,gluten,free,whole,grain,great,source,important,vitamins,minerals,fiber,antioxidants,الرياض,جدة,طبيعي,صحي,عضوي,healthylifestyle,abazeer,organic,organicfood,healthyrecipes,vegan,motivation,https,t.co,x0ht3xuigx,
local,mart,local,buy,local,support,local,farmers,local,products,vedic,vibes,eco,resort,chamba,himachal,pradesh,india,mord_goi,himalayancentre,tourism,supportfarmer,supportlocalbusiness,supportchamba,organicfood,https,t.co,ixwuulzymz,
monday,already,sigh,akshayakalpa,organic,organicgoodness,organicmilk,freshmilk,farmmilk,puremilk,cowmilk,milk,organicfood,organiclife,healthycows,happycows,akshayakalpafarms,monday,mondaymood,mondaymorning,mondayvibes,mondaymotivation,calf,https,t.co,v7graihfv3,
kopete,organicfood,ok,trump,voter,what’s,organic,https,t.co,zq1zvtewnr,https,t.co,mxroblbdac,
pawpaw,bearly,6,months,old,planted,nationwide,2021,treeplanting,ghana,amp,started,bearing,fruit,planted,rabbit,amp,quail,droppings,fruiting,nicely,organic,organicfood,fgreshvegetables,greenfoods,pawpaw,eathealthy,https,t.co,9lqdt9q7fy,
petrikoindia,organicfood,pure,gift,packet,mother,earth,https,t.co,ozji7jjiwg,
pertikoindia,lovers,organicfood,follower,people,love,petrikoindia,https,t.co,k6vvewwcde,
city,turin,created,160,gardens,dedicated,urbanfarming,amazing,right,ortigenerali,aims,promote,organicfood,production,recycling,practices,awareness,environmental,sustainability,amp,healthy,diets,social,exchange,cohesion,foode,https,t.co,rpckke4sp3,
order,week,end,menu,cuis'in,organic,plant,based,meals,servings,4,order,w,10,6,8p,del,f,10,8,btw,4,amp,6p,https,t.co,92ru9ytytl,646,468,6159,nyc,organic,veganoptions,plantbasedoptions,weeklymenu,orderfordelivery,organicfood,preparedfamilymeals,yummy,https,t.co,fcmkjwrj4y,
order,week,end,menu,cuis'in,organic,plant,based,meals,servings,4,order,w,10,6,8p,del,f,10,8,btw,4,amp,6p,https,t.co,92ru9ytytl,646,468,6159,nyc,organic,veganoptions,plantbasedoptions,weeklymenu,orderfordelivery,organicfood,preparedfamilymeals,https,t.co,czfb26xhje,
order,week,end,menu,cuis'in,organic,plant,based,meals,servings,4,order,w,10,6,8p,del,f,10,8,btw,4,amp,6p,https,t.co,92ru9zbzkt,646,468,6159,nyc,organic,veganoptions,plantbasedoptions,weeklymenu,orderfordelivery,organicfood,preparedfamilymeals,https,t.co,jono4svf2x,
order,week,end,menu,cuis'in,organic,plant,based,meals,servings,4,order,w,10,6,8p,del,f,10,8,btw,4,amp,6p,https,t.co,92ru9ytytl,646,468,6159,nyc,organic,veganoptions,plantbasedoptions,weeklymenu,orderfordelivery,organicfood,preparedfamilymeals,https,t.co,xyelprt4ql,
order,week,end,menu,cuis'in,organic,plant,based,meals,servings,4,order,w,10,6,8p,del,f,10,8,btw,4,amp,6p,https,t.co,92ru9ytytl,646,468,6159,nyc,organic,veganoptions,plantbasedoptions,weeklymenu,orderfordelivery,organicfood,preparedfamilymeals,https,t.co,arxyk890sy,
buying,organic,food,may,financially,possible,households,case,important,prioritize,purchases,minimize,pesticide,exposure,include,priority,foods,list,getfresh,priorityfoods,organicfood,https,t.co,cird0ky1qq,
city,turin,created,160,gardens,dedicated,urbanfarming,amazing,right,ortigenerali,aims,promote,organicfood,production,recycling,practices,awareness,environmental,sustainability,amp,healthy,diets,social,exchange,cohesion,foode,https,t.co,rpckke4sp3,
city,turin,created,160,gardens,dedicated,urbanfarming,amazing,right,ortigenerali,aims,promote,organicfood,production,recycling,practices,awareness,environmental,sustainability,amp,healthy,diets,social,exchange,cohesion,foode,https,t.co,rpckke4sp3,
city,turin,created,160,gardens,dedicated,urbanfarming,amazing,right,ortigenerali,aims,promote,organicfood,production,recycling,practices,awareness,environmental,sustainability,amp,healthy,diets,social,exchange,cohesion,foode,https,t.co,rpckke4sp3,
city,turin,created,160,gardens,dedicated,urbanfarming,amazing,right,ortigenerali,aims,promote,organicfood,production,recycling,practices,awareness,environmental,sustainability,amp,healthy,diets,social,exchange,cohesion,foode,https,t.co,rpckke4sp3,
petrikoindia,organicfood,pure,gift,packet,mother,earth,https,t.co,ozji7jjiwg,
pertikoindia,lovers,organicfood,follower,people,love,petrikoindia,https,t.co,k6vvewwcde,
need,hot,pumpkin,spice,latte,thick,whipped_cream,topping,waynescoffee,waynescoffeejo,gingerbreadlatte,hotdrinks,pumpkinspice,latte,healthysalads,healthysnacks,organicfood,https,t.co,b65m5tbc0h,
favorite,breakfast,healthier,switch,better,way,living,switch,organic,tattva,organictattva,organicfood,organicbreakfast,organicproducts,organic,healthyfood,healthyliving,https,t.co,j3h25dkuv9,
happy,international,chefs,day,chefs,making,lives,better,one,dish,time,internationchefsday,organicfood,healthyanddelicious,chefsday,https,t.co,hhd2ydqasr,
give,meals,tadka,organic,tattva's,red,chilly,powder,organictattva,organicfood,organicproducts,organic,healthyfood,healthyliving,spices,https,t.co,a9lpucfvhv,
rotimi,erik,attending,fairtrade_messe,nigeria,next,week,wednesday,thursday,we’d,love,meet,tell,exciting,project,agrofood,agrofoodnews,agrofood2021,organicfood,organicfarming,plantain,plantainlovers,plantains,https,t.co,ztzd1t8bjy,
tasty,thunder,mushroom,direct,jungle,photo,credit,lahantic,forestfood,nutrition,healthyfood,organicfood,grta_project,https,t.co,snhjb6gwuj,
rotimi,erik,attending,fairtrade_messe,nigeria,next,week,wednesday,thursday,we’d,love,meet,tell,exciting,project,agrofood,agrofoodnews,agrofood2021,organicfood,organicfarming,plantain,plantainlovers,plantains,https,t.co,ztzd1t8bjy,
tasty,thunder,mushroom,direct,jungle,photo,credit,lahantic,forestfood,nutrition,healthyfood,organicfood,grta_project,https,t.co,snhjb6gwuj,
traders,making,quickbuck,millets,fooling,consumers,says,ngo,many,organicfood,shops,city,selling,millets,twice,thrice,actual,price,claims,organisation,working,spread,consumer,awareness,https,t.co,7ssldjggm3,
owdc,eliminates,virus,attacks,https,t.co,lcjwz2gua7,organicfarming,organic,organicfood,farming,agriculture,sustainablefarming,urbanfarming,healthylifestyle,growyourown,garden,vegan,farmer,food,vegetables,permaculture,organicvegetables,himgirigreenherbal,https,t.co,ethfww4ff1,
benefits,organic,farming,organicfarming,org,organicfood,farming,agriculture,farmtotable,growyourownfood,sustainablefarming,urbanfarming,garden,vegan,permaculture,organicvegetables,natural,knowyourfarmer,regenerativeagriculture,farmers,himgirigreenherbal,https,t.co,wf9b6vbfr6,
organicfood,agbioworld⁩,organic,foods,healthier,conventional,foods,genetic,literacy,project,https,t.co,rzzu7iyw36,
open,ranchohierbabuena,remind,hours,1pm,9pm,wednesday,monday,todossantos,pescaderobcs,cerritosbeach,organicfood,organicfarm,elpescadero,todossantosmexico,pescaderorestaurants,organicfood,todossantosrest,https,t.co,ydpohhqqa1,https,t.co,ozmnlupqzy,
u,care,health,u,want,live,long,follow,organic,farming,page,amp,buy,organic,vegetables,rebuild,human,system,organicfarming,organicfood,organicvegetables,healthmatters,eatorganic,love4organicfoods,dapsonveggies,https,t.co,vu8hyhkud7,
u,care,health,u,want,live,long,follow,organic,farming,page,amp,buy,organic,vegetables,rebuild,human,system,organicfarming,organicfood,organicvegetables,healthmatters,eatorganic,love4organicfoods,dapsonveggies,https,t.co,vu8hyhkud7,
healthy,meal,delivery,services,backup,busy,life,mealdelivery,organicfood,healthymeals,mealsubscription,https,t.co,9kp2esatcb,
organically,grown,food,mean,https,t.co,uifiuixayo,organicfood,naturalfood,farmednaturalfood,https,t.co,q6stqgjz4d,
potential,exponential,https,t.co,tugzcjthtz,https,t.co,ehvghl1enw,https,t.co,usk7uiyhar,organicfood,farming,organicgardening,agriculture,farmlife,organicfarm,farm,farmtotable,urbanfarming,growyourownfood,healthyfood,nature,gardening,growyourown,
organic,granola,100,natural,ingredients,ideal,breakfast,choice,healthy,conscious,people,organic,organicfarming,organicfood,organicproducts,organicstaples,organicliving,granola,granolarecipe,granolalover,https,t.co,28d39s5iz1,
organic,heath,booster,100,vegetarian,boost,fitness,overall,wellness,organic,organicfarming,organicfood,supplements,organicsupplements,organicstaples,organicliving,organicindia,healthy,https,t.co,rzfwlkogef,
u,care,health,u,want,live,long,follow,organic,farming,page,amp,buy,organic,vegetables,rebuild,human,system,organicfarming,organicfood,organicvegetables,healthmatters,eatorganic,love4organicfoods,dapsonveggies,https,t.co,jqkff8vd4j,
rain,battering,window,right,now,anyone,else,thinking,comfort,food,get,colder,months,go,comfort,food,https,t.co,jdtx0hgw56,rodandbens,comfortfood,soup,autumn,keepingitrural,organicfood,glutenfree,diaryfree,noadditives,
brown,basmati,rice,full,fiber,phosphorus,vitaminb,zinc,can,used,make,biryani,taco,soup,puddings,benefits,makes,bones,healthy,reduce,obesity,provides,antioxidants,website,https,t.co,vyynaa9g4j,organicfood,plantbasedfood,https,t.co,smfrqoj9y7,
u,care,health,u,want,live,long,follow,organic,farming,page,amp,buy,organic,vegetables,rebuild,human,system,organicfarming,organicfood,organicvegetables,healthmatters,eatorganic,love4organicfoods,dapsonveggies,https,t.co,vu8hyhkud7,
brown,basmati,rice,full,fiber,phosphorus,vitaminb,zinc,can,used,make,biryani,taco,soup,puddings,benefits,makes,bones,healthy,reduce,obesity,provides,antioxidants,website,https,t.co,vyynaa9g4j,organicfood,plantbasedfood,https,t.co,smfrqoj9y7,
welcome,exclusive,organic,food,organic,food,court,bhoomi,organics,quality,taste,health,organic,oorganicfoodcourt,icct20worldcup2021,bhoomiorganics,vijayawadafood,foodie,andhrapradesh,organicfood,food,covid2019,diwali,event,fitness,india,https,t.co,msdkhriakp,
delicious,gari,four,varieties,chutneys,lotus,leaf,organic,dining,breakfast,session,telugu,inti,gari,gari,breakfast,tiffin,food,organic,organicfood,oorganicfoodcourt,vijayawada,foodie,andhrapradesh,healthcare,ecofriendly,icct20worldcup2021,https,t.co,bpm8yupp0d,
welcome,exclusive,organic,food,organic,food,court,bhoomi,organics,quality,taste,health,organic,oorganicfoodcourt,icct20worldcup2021,bhoomiorganics,vijayawadafood,foodie,andhrapradesh,organicfood,food,covid2019,diwali,event,fitness,india,https,t.co,msdkhriakp,
celebrate,india,vs,pakistani,match,good,food,great,ambience,hospitality,cheer,4,men,blue,icct20worldcup2021,india,t20worldcup21,worldfoodday,organicfood,healthy,vijayawada,lunch,diwali2021,ecofriendly,foodie,https,t.co,4lxekdb2mo,
holistic,diet,foodie,organicfood,holisticdiet,https,t.co,tezwo47opi,
favorite,breakfast,healthier,switch,better,way,living,switch,organic,tattva,organictattva,organicfood,organicbreakfast,organicproducts,organic,healthyfood,healthyliving,https,t.co,j3h25dkuv9,
hiring,making,nutritious,organicfood,35,years,we’re,looking,passionate,individuals,following,roles,director,manufacturing,continuous,improvement,manager,interested,visit,careers,page,https,t.co,coaopht7i4,https,t.co,tpum48nkb7,
shop,nuts,drive,away,autumn,chills,shop,now,https,t.co,fpkoxzk5lh,almonds,almondbenefits,hunza,organic,organicfood,eatorganic,healtyfood,fruits,hunzafood,hunzadryfruits,gshunzadryfruits,gilgitbaltistandryfruits,biohunza,eathealthy,healthylife,https,t.co,i79fr2wrzg,
get,taste,benefits,certified,organic,products,shop,now,https,t.co,dhu3ibpyca,fiverivers,punjabagro,punjab,organicfood,organicproducts,whyorganic,benefits,benefitsoforganicfood,corporatelife,professionals,healthylife,healthylifestyle,
order,today,get,free,home,delivery,know,us,browse,products,click,https,t.co,zohlmgbvuu,fiverivers,organicfood,homedelivery,diwalioffer,diwalipacking,organicturmeric,organichoney,rawhoney,organicmustardoil,freehomedelivery,
know,us,browse,products,click,https,t.co,zohlmfukcw,fiverivers,punjabagro,punjab,organic,organicfood,farmtofork,homedelivery,organicpacking,diwalioffer,diwalipacking,organicturmeric,organichoney,rawhoney,organicmustardoil,mustardoil,
listen,food,allergies,environmental,allergies,amp,autoimmune,diseases,can,part,1,living,healthy,https,t.co,ntdnok0ql4,allergies,health,nutition,weightloss,fitness,menshealth,womenshealth,organicfood,organic,wholefoods,podcast,newpodcast,
listen,food,allergies,environmental,allergies,amp,autoimmune,diseases,can,part,1,living,healthy,https,t.co,ntdnok0ql4,allergies,health,nutition,weightloss,fitness,menshealth,womenshealth,organicfood,organic,wholefoods,podcast,newpodcast,
brcgs,certified,amp,also,certified,organic,food,manufacturing,facility,build,organic,brand,food,products,get,touch,us,plant,pavl.co.in,foodprocessing,contractmanufacturing,organicfood,https,t.co,g7av3iyags,
brcgs,certified,amp,also,certified,organic,food,manufacturing,facility,build,organic,brand,food,products,get,touch,us,plant,pavl.co.in,foodprocessing,contractmanufacturing,organicfood,https,t.co,g7av3iyags,
healthy,food,wealthy,mood,world,food,day,worldfoodday,food,organicfood,spirulina,organicspirulina,foodie,https,t.co,p8pi7rpqae,
organicfood,soil,dry,corn,green,plant,yield,fantastic,farming,https,t.co,qiftcxnduj,
grow,organic,help,nature,kalpacasa,farmhouse,nature,organicfood,healthyfood,बटुवा,https,t.co,7goopaxzhs,
hormone,disrupters,hormones,may,flux,become,imbalanced,result,lifestyle,environmental,factors,high,levels,stress,poor,sleep,lack,exercise,unhealthy,diet,full,fat,sugar,take,simple,steps,like,choosing,organicfood,
cfs,appeals,organic,eligibility,hydroponics,foodlaw,organicfood,foodgov,https,t.co,dxvarqzvo9,
cfs,appeals,organic,eligibility,hydroponics,foodlaw,organicfood,foodgov,https,t.co,dxvarqzvo9,
just,wholefoods,included,golden,turmeric,cereal,amp,oatmeal,cup,try,trends,section,2022,trends,report,get,report,https,t.co,vqxro7flaw,wholefoodsmarket,naturespath,innovation,partnership,turmeric,trends,organicfood,https,t.co,i7nszzgxdj,
just,wholefoods,included,golden,turmeric,cereal,amp,oatmeal,cup,try,trends,section,2022,trends,report,get,report,https,t.co,vqxro7flaw,wholefoodsmarket,naturespath,innovation,partnership,turmeric,trends,organicfood,https,t.co,i7nszzgxdj,
cfs,appeals,organic,eligibility,hydroponics,foodlaw,organicfood,foodgov,https,t.co,dxvarqzvo9,
cfs,appeals,organic,eligibility,hydroponics,foodlaw,organicfood,foodgov,https,t.co,dxvarqzvo9,
packing,organicfood,plastic,go,along,lets,use,common,ropes,made,natural,fibres,like,hemp,linen,cotton,coir,etc,pay,extra,knowing,nomoreplastic,polluting,ecosistem,organicfood,hard,grow,gogreen,bevegan,https,t.co,iscb7sgacs,
welcome,exclusive,organic,food,organic,food,court,bhoomi,organics,quality,taste,health,organic,oorganicfoodcourt,icct20worldcup2021,bhoomiorganics,vijayawadafood,foodie,andhrapradesh,organicfood,food,covid2019,diwali,event,fitness,india,https,t.co,msdkhriakp,
welcome,exclusive,organic,food,organic,food,court,bhoomi,organics,quality,taste,health,organic,oorganicfoodcourt,icct20worldcup2021,bhoomiorganics,vijayawadafood,foodie,andhrapradesh,organicfood,food,covid2019,diwali,event,fitness,india,https,t.co,msdkhriakp,
celebrate,india,vs,pakistani,match,good,food,great,ambience,hospitality,cheer,4,men,blue,icct20worldcup2021,india,t20worldcup21,worldfoodday,organicfood,healthy,vijayawada,lunch,diwali2021,ecofriendly,foodie,https,t.co,4lxekdb2mo,
delicious,gari,four,varieties,chutneys,lotus,leaf,organic,dining,breakfast,session,telugu,inti,gari,gari,breakfast,tiffin,food,organic,organicfood,oorganicfoodcourt,vijayawada,foodie,andhrapradesh,healthcare,ecofriendly,icct20worldcup2021,https,t.co,bpm8yupp0d,
organicfood,soil,dry,corn,green,plant,yield,fantastic,farming,https,t.co,qiftcxnduj,
global,organic,food,additives,market,bharat,book,bureau,https,t.co,2viynyxzil,foodadditivies,foodadditivesmarket,organicfoodmarkets,organicfoodadditiesmarket,organicfood,
alice,waters,sustainability,sounds,good,need,regenerative,farming,regenerativeagriculture,regenerate,biodynamic,organicfood,organicselevated,regenerativeleadership,white,leaf,provisions,inc,ron,finley,chez,panisse,https,t.co,p7ohowafw7,
cfs,appeals,organic,eligibility,hydroponics,foodlaw,organicfood,foodgov,https,t.co,dxvarqzvo9,
grow,organic,help,nature,kalpacasa,farmhouse,nature,organicfood,healthyfood,बटुवा,https,t.co,7goopaxzhs,
produce,can,called,organic,certified,grown,soil,prohibited,substances,like,fertilizers,pesticides,applied,three,years,prior,harvest,organicfood,fertilizer,harvest,healthylifestyle,nutribliss,rajeshwari,happyfood,dietitian,https,t.co,iagqj5b7zj,
8,reasons,organic,products,demand,7,opt,safe,food,healthy,lifestyle,people,prefer,organic,food,compared,products,choosegospa,oranges,organicfarming,stnicolaoranges,riverford,gospacitrus,organicfood,mandarins,lavieclaire,https,t.co,yzuyyxrdax,
list,heroes,fighting,gmos,africa,thank,africanbiodiv,pelumkenya,nnimmob,_acbio,foodsovereigngh,organic,organicfood,bangmos,nongmo,https,t.co,h5aprsdqgn,
https,t.co,tst5edvc4d,takes,1,heartbeat,change,life,forever,retweet,instagood,bio,diy,dogbountyhunter,internet,history,roadtrip,organicfood,spotify,specialeffects,blessedandgrateful,believe,art,yogalife,economicgrowth,pets,lifeistooshort,
https,t.co,tst5edvc4d,takes,1,heartbeat,change,life,forever,retweet,instagood,bio,diy,dogbountyhunter,internet,history,roadtrip,organicfood,spotify,specialeffects,blessedandgrateful,believe,art,yogalife,economicgrowth,pets,lifeistooshort,
https,t.co,tst5edvc4d,takes,1,heartbeat,change,life,forever,retweet,instagood,bio,diy,dogbountyhunter,internet,history,roadtrip,organicfood,spotify,specialeffects,blessedandgrateful,believe,art,yogalife,economicgrowth,pets,lifeistooshort,
veg,box,week,https,t.co,gxax1ipcvf,organicveg,organicfood,organicvegbox,https,t.co,tsscg7lh6a,
brcgs,certified,amp,also,certified,organic,food,manufacturing,facility,build,organic,brand,food,products,get,touch,us,plant,pavl.co.in,foodprocessing,contractmanufacturing,organicfood,https,t.co,g7av3iyags,
organic,popcorn,one,best,snacks,can,eat,100,whole,grain,low,fat,high,fibre,discover,incredible,health,benefits,organic,popcorn,edenfoods,organicfood,https,t.co,vhtuyetszp,
farming,organic,food,wordpress,theme,natural,farm,fresh,agri,https,t.co,y2qbmnhgiw,organicfood,premiumtheme,farmingsite,naturalfarm,
brcgs,certified,amp,also,certified,organic,food,manufacturing,facility,build,organic,brand,food,products,get,touch,us,plant,pavl.co.in,foodprocessing,contractmanufacturing,organicfood,https,t.co,g7av3iyags,
brcgs,certified,amp,also,certified,organic,food,manufacturing,facility,build,organic,brand,food,products,get,touch,us,plant,pavl.co.in,foodprocessing,contractmanufacturing,organicfood,https,t.co,g7av3iyags,
teaching,people,cook,kawaaj,make,tabbouleh,today,great,event,shillingford,organics,amp,shillingford,organics,farm,school,today,great,see,amazing,people,food,syrianfood,diversity,exeter,devon,uk,farm,organicfood,https,t.co,ree81kpe2y,
growing,veggies,healthy,way,save,money,enjoy,fresh,produce,home,grow,plenty,different,veggies,garden,make,world,green,https,t.co,mzscu5sp5l,owngarden,veggies,veggiesplanting,plants,healthyliving,freshfood,organicfood,https,t.co,g040g6ce7f,
need,ideas,dinner,flavorful,short,ribs,bone,try,braised,perfectly,moist,tender,centerpiece,melt,mouth,https,t.co,tlfkzc9xew,prospermeats,cookingwithprospermeats,grassfedbeef,organicfood,https,t.co,cndn30ulaj,
finally,put,sign,rain,clouds,part,sun,shine,serve,community,1490,fisher,road,cobble,hill,mon,fri,9am,5,pm,love,see,organicfair,cobblehill,cowichanvalley,vancouverisland,organicfood,organicchocolate,https,t.co,uomxti9rkg,
joining,farming,part,time,nikianza,setting,3,kitchen,gardens,1,ndoto,zetu,gallore,around,akili,ni,ngatu,2,dhc,dandorahhc,3,malaa,around,grandma,area,sunday,start,ya,dhc,greenworld,organicfood,https,t.co,rqhvw0ufhu,
mandarins,oronules,huge,amount,juice,spectacular,shine,penetrating,aroma,choosegospa,oranges,organic,citruslove,organicfarming,agrumes,bio,gospaoranges,stnicolaoranges,riverford,preserving,citrus,gospacitrus,organicfood,vegan,veganfood,lavieclaire,https,t.co,8mhoa6paot,
organictrade,association,begun,search,new,chief,executive,officer,executive,director,since,laura,batcha,currently,position,plans,step,next,spring,organicfood,companynews,associations,https,t.co,6beu3624yn,
organictrade,association,begun,search,new,chief,executive,officer,executive,director,since,laura,batcha,currently,position,plans,step,next,spring,organicfood,companynews,associations,https,t.co,6beu3624yn,
organictrade,association,begun,search,new,chief,executive,officer,executive,director,since,laura,batcha,currently,position,plans,step,next,spring,organicfood,companynews,associations,https,t.co,6beu3624yn,
full,article,https,t.co,ndairqu2ao,sustainability,organicfood,finefood,specialityfood,retailers,https,t.co,etog8g5jr9,
organic,popcorn,one,best,snacks,can,eat,100,whole,grain,low,fat,high,fibre,discover,incredible,health,benefits,organic,popcorn,edenfoods,organicfood,https,t.co,vhtuyetszp,
nothing,brings,people,together,like,good,food,organicfood,inspiration,https,t.co,d13uqmdnmw,
win,organic,food,hamper,follow,retweet,comment,like,want,one,click,link,get,now,https,t.co,hrqdwn1izd,updates,today,https,t.co,cyuy5cyy52,freebies,freestuff,freesamples,competitions,organicfood,hamper,food,https,t.co,8tik9qclk5,
organicfarming,benefits,environment,read,article,rt,spread,sustainableliving,https,t.co,2jzm1cnnfz,sustainabledevelopment,organicfood,climatechange,
time,exotic,food,organic,food,exoticfood,superfoood,gsbfit,organicfood,lifestyle,gsbacademy,gsbfitness,gsb,blueberries,gsblife,workout,diet,motivation,health,gym,organicfood,https,t.co,kuigfxinjh,
time,exotic,food,organic,food,exoticfood,superfoood,gsbfit,organicfood,lifestyle,gsbacademy,gsbfitness,gsb,blueberries,gsblife,workout,diet,motivation,health,gym,organicfood,https,t.co,kuigfxinjh,
thejackbly,6,eggs,mushroom,olives,omelette,added,2,green,chillies,well,bit,fire,vitamin,c,boost,tastes,great,high,protein,filling,hearts,content,follow,healthy,recipes,guiltfreefood,eatclean,organicfood,youarewhatyoueat,karachi,https,t.co,3ryqzxeqom,
best,organic,bay,leaf,sale,free,shipping,10,products,buy,etsy,https,t.co,pcgzqky4a9,buy,amazon,https,t.co,ogdfcfctpx,bayleaves,fenugreekseed,organicspices,spices,organic,healthyfood,organicfood,herbsandspices,healthylifestyle,spice,https,t.co,kwobmnq3bl,
buy,spicy,organic's,fenugreek,seeds,100,raw,pure,usda,certified,organic,freshly,packed,methi,seeds,fenugreek,seeds,hair,growth,buy,etsy,https,t.co,7ctxojxaxu,fenugreek,seed,organicspices,spices,organic,healthyfood,organicfood,herbsandspices,https,t.co,cjc6phrqfu,
adding,extra,aromatic,flavor,salad,organic,black,pepper,free,shipping,10,products,buy,etsy,https,t.co,fwkylixiiz,blackpepper,bayleaves,fenugreekseed,organicspices,spices,organic,healthyfood,organicfood,herbsandspices,https,t.co,wbbwon6wph,
win,organic,food,hamper,follow,retweet,comment,like,want,one,click,link,get,now,https,t.co,ppciyjptlp,updates,today,https,t.co,1appl2jiv9,freebies,freestuff,freesamples,competitions,organicfood,hamper,food,https,t.co,cwrx4e4u51,
usda,national,list,allowed,prohibited,substances,organic,regulations,https,t.co,k5eosrqkvi,us,usda,food,organicfood,organic,agriculture,compliance,regulatoryaffairs,regtech,https,t.co,lotiomzpbh,
global,farro,market,size,valued,178.9,million,2020,projected,reach,513.8,million,2030,cagr,10.1,2020,2030,pdf,https,t.co,m92tyknjnl,wheatflour,organicfood,healthyfood,foodanddrink,foodandbeverages,foodbusiness,marketresearch,https,t.co,ldh1f3ignb,
essential,weekly,shopping,tip,fingers,shop,online,https,t.co,qxzcnitwcs,graingermarket,newcastleupontyne,refills,localbussiness,sustainable,sustainableliving,vegan,zerowaste,organicfood,organic,newcastleveganguide,ne1vegan,https,t.co,nkhrhnxfot,
diwali,farmers,sons,offers,wide,range,corporate,gifting,options,amaze,unique,features,order,online,https,t.co,tqwknfuloi,contact,us,today,8888051177,diwaligifts,corporategiftboxes,specialdiwaligift,organicfood,farmersandsons,https,t.co,dgguhkcun0,
new,eu,farm,fork,strategy,make,food,healthier,sustainable,food,health,organicfood,eu,farmtofork,food,eureporter,https,t.co,twfzafeolp,
pulled,beef,made,organic,fatty,beef,lard,bone,broth,root,vegetables,pkd,meal,people,healthy,can,tolerate,small,amount,vegetables,paleolithicketogenicdiet,realfood,organicfood,organicbeef,biosuisse,fattymeat,https,t.co,in46ih1ybi,
flavored,perfection,perfect,mixedpickle,pickle,organicpickle,organicnation,organicfood,organicproduct,organic,nature,madeinindia,india,homemade,food,foodlover,homemadepickle,mixpickle,earthyfoods,indianbrand,hygienicfood,mixvegpickle,vegpickle,https,t.co,fajjdd4c7g,
kagome,foods,india,supports,international,year,food,vegetables,2021,fao,eathealthy,eatinghabits,didyouknow,quickfact,eatyourveggies,heath,farmtotable,nutrition,food,organicfood,kagome,tomatoes,freshtomatoes,fao,india,takeaction,https,t.co,luyilybdbc,
free,webinar,nutritional,benefits,organic,foods,rsvp,https,t.co,zbez2wxn2r,hosted,australian,organic,limited,guest,speakers,unimelb,webinar,organicfood,organicliving,organiclifestyle,organicfarming,organicbusiness,chooseorganic,unimelb,https,t.co,viexf5cz6h,
just,minted,organic,balcony,bell,peppers,collectible,https,t.co,ilnwi4d4og,rarible,ethereum,nonfungible,digitalasset,nft,via,rarible,first,nft,check,buy,feeds,bell,peppers,plants,good,organic,fertilizer,organicfood,organicfarm,
vegetarian,vegan,harm,kill,animals,freerange,let,animals,live,grow,naturally,organicfood,use,chemicals,pesticides,gm,v,transrights,1,cut,healthy,penises,breasts,humans,2,pump,children,hormones,amp,drugs,3,stop,puberty,natural,growth,https,t.co,vp0tahshzn,
vegetarian,vegan,harm,kill,animals,freerange,let,animals,live,grow,naturally,organicfood,use,chemicals,pesticides,gm,v,transrights,1,cut,healthy,penises,breasts,humans,2,pump,children,hormones,amp,drugs,3,stop,puberty,natural,growth,https,t.co,vp0tahshzn,
navelina,oranges,heavy,look,like,coconuts,excellent,weather,water,conditions,lead,best,oranges,world,best,seville,choosegospa,oranges,organic,stnicolaoranges,riverford,gospacitrus,organicfood,vegan,veganfood,citruslove,https,t.co,lr29twwh9s,
healthy,dinner,ready,tried,bit,like,fave,chef,cyril_lignac,broccoli,grilledsalmon,saffronsauce,healthyfood,organicfood,https,t.co,ty90kyvqhq,
grow,organic,help,nature,kalpacasa,farmhouse,nature,organicfood,healthyfood,बटुवा,https,t.co,7goopaxzhs,
farm,table,good,food,makes,good,life,quality,eat,effects,body,mind,spirit,abchapriretreats,abchapriexperiences,neeleshwarhermitage,lotushouseboat,sukoonhouseboat,farmtotable,organicfood,https,t.co,kkltdvokub,
pulled,beef,made,organic,fatty,beef,lard,bone,broth,root,vegetables,pkd,meal,people,healthy,can,tolerate,small,amount,vegetables,paleolithicketogenicdiet,realfood,organicfood,organicbeef,biosuisse,fattymeat,https,t.co,in46ih1ybi,
pulled,beef,made,organic,fatty,beef,lard,bone,broth,root,vegetables,pkd,meal,people,healthy,can,tolerate,small,amount,vegetables,paleolithicketogenicdiet,realfood,organicfood,organicbeef,biosuisse,fattymeat,https,t.co,in46ih1ybi,
find,yes,please,find,newearthco,newearthlife,organic,organicfood,guthealth,https,t.co,7bfwhzvwkj,https,t.co,smidaea6cc,
say,fake,ingredients,company,usda,organically,certified,fda,know,products,great,hands,nongmo,organic,organicfood,https,t.co,hzb2axhwfw,
roots,spice,handpicked,love,https,t.co,sj5xdboael,rootsspice,kickstarter,crowdfunding,crowdfund,food,kitchen,spices,tea,handmade,ghee,handcrafted,organicfood,foodartist,delicious,healthyfood,deliciousfood,freshness,sustainable,ingredients,https,t.co,8hkvxa6oou,
roots,spice,handpicked,love,https,t.co,sj5xdboael,rootsspice,kickstarter,crowdfunding,crowdfund,food,kitchen,spices,tea,handmade,ghee,handcrafted,organicfood,foodartist,delicious,healthyfood,deliciousfood,freshness,sustainable,ingredients,https,t.co,8hkvxa6oou,
roots,spice,handpicked,love,https,t.co,sj5xdboael,rootsspice,kickstarter,crowdfunding,crowdfund,food,kitchen,spices,tea,handmade,ghee,handcrafted,organicfood,foodartist,delicious,healthyfood,deliciousfood,freshness,sustainable,ingredients,https,t.co,8hkvxa6oou,
roots,spice,handpicked,love,https,t.co,sj5xdboael,rootsspice,kickstarter,crowdfunding,crowdfund,food,kitchen,spices,tea,handmade,ghee,handcrafted,organicfood,foodartist,delicious,healthyfood,deliciousfood,freshness,sustainable,ingredients,https,t.co,8hkvxa6oou,
pulled,beef,made,organic,fatty,beef,lard,bone,broth,root,vegetables,pkd,meal,people,healthy,can,tolerate,small,amount,vegetables,paleolithicketogenicdiet,realfood,organicfood,organicbeef,biosuisse,fattymeat,https,t.co,in46ih1ybi,
pulled,beef,made,organic,fatty,beef,lard,bone,broth,root,vegetables,pkd,meal,people,healthy,can,tolerate,small,amount,vegetables,paleolithicketogenicdiet,realfood,organicfood,organicbeef,biosuisse,fattymeat,https,t.co,in46ih1ybi,
veganism,us,grown,500,since,2014,demand,nutritionally,balanced,delicious,vegetarian,vegan,fare,huge,sure,start,contact,us,https,t.co,r2cohy79c6,veganism,food,organicfood,supportlocal,vegetarianchef,vegetariandishes,https,t.co,ocnvmsb2u9,
organicfood,may,interested,webinar,https,t.co,str4ceqjcq,
world,statistics,day,dropping,fun,statistic,around,organic,food,probably,didn’t,know,organic,food,considered,20,30,nutritious,foods,worldstatisticsday,consciousfood,organicfood,statattack,
ecotone,uk's,whitepaper,food,biodiversity,hosted,thegrocer,uk,ceo,emma,vass,calls,food,industry,act,now,late,foodforbiodiversity,sustainability,organicfood,https,t.co,f2hfpc7rig,
taste,joy,festival,season,wide,array,sweets,amp,namkeens,call,now,order,9891311586,natureisorganic,diwali,festiveseason,festivaloflights,happydiwali,happygoverdhanpuja,happybhaidooj,healthyfood,organicfood,https,t.co,xduldwn57b,
ecotone,uk's,whitepaper,food,biodiversity,hosted,thegrocer,uk,ceo,emma,vass,calls,food,industry,act,now,late,foodforbiodiversity,sustainability,organicfood,https,t.co,f2hfpc7rig,
punjabi,singer,shivjot,enjoying,delicious,food,food,garden,inauguration,day,organicfood,healthyfood,healthylifestyle,food,healthy,organicfarming,organicgardening,healthyeating,foodie,healthyliving,vegetarian,health,instafood,natural,nutrition,https,t.co,2a8bsebl88,
opening,ceremony,food,garden,inaugurated,honorable,mayor,mohali,municipal,corporation,shri,amarjeet,singh,sidhu,https,t.co,t5x53brxwl,organicfoodrestaurant,vegetariancafe,healthyfood,organicfood,thefoodgarden,mohali,https,t.co,2h3za3ra58,
7,different,types,food,eaters,find,regularly,foodeaters,food,organicfood,latestnewsvizag,visakhapatnam,visakhapatnamnews,vizagtrends,vizagstories,vizagmagazine,hellovizagmagazine,news,publictalk,hellotalks,hellovizag,https,t.co,0uxqcn2usa,
organic,foods,proteins,fiber,foods,make,body,strong,organicfood,contain,pesticides,chemicals,etc,orgakawach,foods,one,best,organic,store,pune,provides,best,organic,products,india,visit,https,t.co,swbhg72vh2,https,t.co,7fccqh3x9z,
buy,organicfood,keep,body,healthy,organic,food,can,purchased,online,offer,best,organic,food,products,best,price,orgakawach,foods,offers,online,grocery,delivery,pune,organic,foods,shop,now,https,t.co,j9uzkhpsjf,https,t.co,ha6gzllnaa,
time,preparing,meal,solution,readytoeat,bhaimart,organic,organicproducts,organicfood,eathealthy,explore,viral,trending,retweeet,https,t.co,cdqpj4wyh1,
flour,behind,every,healthy,person,flour,multigrain,bhaimart,organic,organicfood,organicproducts,eathealthy,trending,viral,explore,retweeet,https,t.co,i7nr9jyypx,
bio,dynamic,vs,organic,farming,what’s,difference,https,t.co,nobos2f9uv,via,gngagritech,agriculture,biodynamic,environment,farmers,food,getgreengetgrowing,gngagritech,greenstories,milk,organic,organicfarming,organicfood,
organic,food,actually,sustainable,https,t.co,akx50qe2qh,via,gngagritech,agriculture,consilienceconsiders,environmental,farming,gngagritech,greenstories,grtgreengetgrowing,organic,organicagriculture,organicfood,sustainability,sustainable,
piece,heaven,perfect,carrotpickle,pickle,organicpickle,foodsbay,organicfood,organicproduct,organic,nature,madeinindia,india,homemade,food,foodlover,homemadepickle,mixpickle,indianbrand,hygienicfood,carrot,mixvegpickle,vegpickle,carrotpickle,https,t.co,4pclubfo9r,
international,chefs,day,observed,world,october,20,every,year,day,celebrates,chefs,spreads,awareness,eating,health,chefday,healthyfood,hotelsnearme,organicfood,food,foodnearyou,proteinfood,healthydiet,https,t.co,u8c2ksrlhm,https,t.co,plttlcrdh8,
organic,fruits,amp,vegetables,segment,dominated,market,held,largest,market,share,38,year,2020,foodandbeverageindustry,organicfood,healthyeating,marketanalysis,sales,nectarwisemarketresearch.com,visit,https,t.co,eda0xcq944,https,t.co,pme2dn8ez3,
sakuraegypt,organicfood,organicfarming,organic,skura,specialized,cultivation,harvest,drying,processing,exporting,aromatic,medicinal,plants,based,principles,organic,agriculture,sakuraegypt,bring,worlds,best,botanical,
list,heroes,fighting,gmos,africa,thank,africanbiodiv,pelumkenya,nnimmob,_acbio,foodsovereigngh,organic,organicfood,bangmos,nongmo,https,t.co,h5aprsdqgn,
root,watch,grow,samidha,welfare,takes,efforts,grow,food,organic,farming,initiative,visit,us,https,t.co,t5wvebibzu,organicfarming,organic,organicfood,farming,samidhawelfarefoundation,https,t.co,gwxmuqnlab,
need,little,jam,bread,try,farm,grown,team,made,figjam,https,t.co,ohvxm9xxls,organicfigs,handmilledsugarcane,sugarcanejuice,food,organicfood,handmadejam,nongmo,https,t.co,bwlp3gawo3,
happy,internationalchefsday,gastronomy,lovers,learn,amyskitchen,pioneer,organicfood,production,able,provide,wholesome,nutritious,food,world,way,respects,protects,customers,employees,environment,https,t.co,6tjivprbge,
happy,internationalchefsday,gastronomy,lovers,learn,amyskitchen,pioneer,organicfood,production,able,provide,wholesome,nutritious,food,world,way,respects,protects,customers,employees,environment,https,t.co,6tjivprbge,
flavored,perfection,perfect,mixedpickle,pickle,organicpickle,organicnation,organicfood,organicproduct,organic,nature,madeinindia,india,homemade,food,foodlover,homemadepickle,mixpickle,earthyfoods,indianbrand,hygienicfood,mixvegpickle,vegpickle,https,t.co,fajjdd4c7g,
grow,organic,help,nature,kalpacasa,farmhouse,nature,organicfood,healthyfood,बटुवा,https,t.co,7goopaxzhs,
value,handcrafted,products,sustainablebrands,organic,organicfood,sustainablefashion,traditionalgames,homemdesweets,healthyfood,wellness,handcrafted,handmade,curatedbrands,ethicalfashion,sustainableliving,ecofood,ecofashion,ecofriendly,supportlocal,ecof,https,t.co,ylzy5vaces,
shoestring,eco,gardener,https,t.co,i8t7asjgtf,garden,gardening,green,diy,gardener,eco,organic,plants,vegetables,soil,weeds,cultivation,nature,farm,foods,planting,natural,healthyfood,organicfood,
foodies,healthfood,advocates,organicfood,lovers,growing,herbs,greens,made,easy,using,instapot,affordable,espresso,machine,buy,organicfood,growyourown,qualityfoodandqualitylife,
organic,food,logo,natural,food,vegan,food,branding,organic,logo,branding,natural,food,leaves,logo,organicfood,vegan,naturalfoods,branding,logo,graphics,graphicdesign,onlineshopping,etsy,https,t.co,h0hbdjs5y7,etsy,
fantastic,news,farm,first,successful,organictomatoes,harvest,completed,overall,half,ton,chemicalfree,tomatoes,important,source,vitamin,c,feed,children,home,students,statanzania,karibu,organicfood,https,t.co,gcctkmxp86,
list,heroes,fighting,gmos,africa,thank,africanbiodiv,pelumkenya,nnimmob,_acbio,foodsovereigngh,organic,organicfood,bangmos,nongmo,https,t.co,h5aprsdqgn,
need,little,jam,bread,try,farm,grown,team,made,figjam,https,t.co,ohvxm9xxls,organicfigs,handmilledsugarcane,sugarcanejuice,food,organicfood,handmadejam,nongmo,https,t.co,bwlp3gawo3,
https,t.co,tst5edvc4d,takes,1,heartbeat,change,life,forever,retweet,instagood,bio,diy,dogbountyhunter,internet,history,roadtrip,organicfood,spotify,specialeffects,blessedandgrateful,believe,art,yogalife,economicgrowth,pets,lifeistooshort,
list,heroes,fighting,gmos,africa,thank,africanbiodiv,pelumkenya,nnimmob,_acbio,foodsovereigngh,organic,organicfood,bangmos,nongmo,https,t.co,h5aprsdqgn,
list,heroes,fighting,gmos,africa,thank,africanbiodiv,pelumkenya,nnimmob,_acbio,foodsovereigngh,organic,organicfood,bangmos,nongmo,https,t.co,h5aprsdqgn,
get,mood,autumnal,colours,flavours,moy,hill,community,farm,stall,every,friday,8am,autumn,organicfood,ennis,farmersmarket,https,t.co,twrdrntlij,
team,mooptcom,providing,small,manufacturers,faster,cheaper,custom,industrial,automation,system,infos,https,t.co,ni4b3clcft,circulareconomy,startup,sustainability,tourism,aquaponics,agriculture,footwear,recycle,organicfood,automation,
team,mooptcom,providing,small,manufacturers,faster,cheaper,custom,industrial,automation,system,infos,https,t.co,ni4b3clcft,circulareconomy,startup,sustainability,tourism,aquaponics,agriculture,footwear,recycle,organicfood,automation,
exactly,organicfood,sustainability,janegoodall,north,end,https,t.co,gv9gltwdhi,
two,nutritious,meals,day,students,receive,everything,need,stay,healthy,focused,happy,malaikadrc,girlseducation,nutrition,locallygrown,organicfood,https,t.co,obgmg8f5qx,
rain,battering,window,right,now,anyone,else,thinking,comfort,food,get,colder,months,go,comfort,food,https,t.co,jdtx0hgw56,rodandbens,comfortfood,soup,autumn,keepingitrural,organicfood,glutenfree,diaryfree,noadditives,
hard,weekend,hunting,wildgame,protein,organicfood,moose,archery,hunt,fuelyourpassion,fuelthefiretv,butcher,getoutdoors,outdooredgeknives,sportsmancanada,outdooredgeknives,https,t.co,odtj0ajrm5,
easy,delicious,full,fab,ingredients,lentil,shepherd’s,pie,comfort,food,finest,perfect,way,celebrate,https,t.co,i35l1seq0c,organic,organicfood,eatorganic,vegetarian,glutenfree,shepherdspie,vegetarianshepherdspie,lentilshepherdspie,https,t.co,cwjvnsrzix,
biological,stands,way,food,produced,agricultural,process,organicfood,must,meet,certain,guidelines,order,receive,quality,mark,commentary,short_communication,minireview,editorial,casestudy,email,us,foodscience,alliedevents.org,
joining,farming,part,time,nikianza,setting,3,kitchen,gardens,1,ndoto,zetu,gallore,around,akili,ni,ngatu,2,dhc,dandorahhc,3,malaa,around,grandma,area,sunday,start,ya,dhc,greenworld,organicfood,https,t.co,rqhvw0ufhu,
corn,maize,tire,8,days,schoolgarden,agriculture,farming,learning,education,organicfood,sowing,seed,direct,soil,corn,maize,garden,https,t.co,wjmnf21wnh,
